Execução,Geração 1,Geração 2,Geração 3,Geração 4,Geração 5,Geração 6,Geração 7,Geração 8,Geração 9,Geração 10,Geração 11,Geração 12,Geração 13,Geração 14,Geração 15,Geração 16,Geração 17,Geração 18,Geração 19,Geração 20,Geração 21,Geração 22,Geração 23,Geração 24,Geração 25,Geração 26,Geração 27,Geração 28,Geração 29,Geração 30,Geração 31,Geração 32,Geração 33,Geração 34,Geração 35,Geração 36,Geração 37,Geração 38,Geração 39,Geração 40,Geração 41,Geração 42,Geração 43,Geração 44,Geração 45,Geração 46,Geração 47,Geração 48,Geração 49,Geração 50,Geração 51,Geração 52,Geração 53,Geração 54,Geração 55,Geração 56,Geração 57,Geração 58,Geração 59,Geração 60,Geração 61,Geração 62,Geração 63,Geração 64,Geração 65,Geração 66,Geração 67,Geração 68,Geração 69,Geração 70,Geração 71,Geração 72,Geração 73,Geração 74,Geração 75,Geração 76,Geração 77,Geração 78,Geração 79,Geração 80,Geração 81,Geração 82,Geração 83,Geração 84,Geração 85,Geração 86,Geração 87,Geração 88,Geração 89,Geração 90,Geração 91,Geração 92,Geração 93,Geração 94,Geração 95,Geração 96,Geração 97,Geração 98,Geração 99,Geração 100,Geração 101,Geração 102,Geração 103,Geração 104,Geração 105,Geração 106,Geração 107,Geração 108,Geração 109,Geração 110,Geração 111,Geração 112,Geração 113,Geração 114,Geração 115,Geração 116,Geração 117,Geração 118,Geração 119,Geração 120,Geração 121,Geração 122,Geração 123,Geração 124,Geração 125,Geração 126,Geração 127,Geração 128,Geração 129,Geração 130,Geração 131,Geração 132,Geração 133,Geração 134,Geração 135,Geração 136,Geração 137,Geração 138,Geração 139,Geração 140,Geração 141,Geração 142,Geração 143,Geração 144,Geração 145,Geração 146,Geração 147,Geração 148,Geração 149,Geração 150,Geração 151,Geração 152,Geração 153,Geração 154,Geração 155,Geração 156,Geração 157,Geração 158,Geração 159,Geração 160,Geração 161,Geração 162,Geração 163,Geração 164,Geração 165,Geração 166,Geração 167,Geração 168,Geração 169,Geração 170,Geração 171,Geração 172,Geração 173,Geração 174,Geração 175,Geração 176,Geração 177,Geração 178,Geração 179,Geração 180,Geração 181,Geração 182,Geração 183,Geração 184,Geração 185,Geração 186,Geração 187,Geração 188,Geração 189,Geração 190,Geração 191,Geração 192,Geração 193,Geração 194,Geração 195,Geração 196,Geração 197,Geração 198,Geração 199,Geração 200
1,5751157.315,7912627.78,7849318.9,8256615.21,7953011.215,7873124.63,8201835.75,8839789.005,7762604.31,8220227.895,8389870.63,8157981.27,8139310.36,8070624.46,8254781.3,8329942.99,7912100.425,8606275.545,8551585.085,8810650.735,8662298.07,8548074.39,8137020.09,9083058.33,9014735.14,8892476.5,8582774.03,9244824.65,7805605.26,8668028.985,7970146.815,8418777.65,8885495.265,8940192.195,8890669.05,9052351.45,8832135.55,8844679.41,9254488.5,9479594.135,8683778.495,8190056.105,8277753.27,8048332.32,8221268.335,8230682.375,7612012.57,8384306.36,7929016.065,7841316.035,7839131.39,8286819.12,7536138.97,7963065.935,7964581.405,8257312.615,8511955.91,8406086.065,8018905.445,8150314.63,7920041.375,8899457.35,8128025.335,8772926.505,8577707.46,8285545.65,8165083.3,8446563.745,8684561.24,8092767.765,8477287.53,7933159.37,8304555.815,7802512.2,8404665.805,8192008.695,7858915.005,8319492.26,8289341.995,7939148.315,7895859.98,7867763.13,8448988.555,7527351.47,7490038.03,7859105.565,7993343.74,8082419.685,8712128.515,8740295.37,7174862.58,7718614.055,8648546.185,8502028.595,8741276.99,8540204.01,8314597.5,7874241.225,7933260.315,8208519.905,7534183.73,8241097.38,7807229.095,7984634.535,8239593.265,8318632.14,8228133.11,8116854.795,8503080.08,8227449.34,7823532.26,8281501.505,8328155.47,8014415.235,8047086.85,8532065.66,8351216.085,8263904.635,8364994.735,7960754.41,7839280.01,8010548.13,9011947.345,8144870.13,8571471.215,7228582.61,8277890.31,8485433.295,7520725.875,7845327.925,7629475.01,7963212.29,8126890.065,7898282.725,8225953.785,8514187.625,7744710.52,8043234.53,7440557.42,7699248.525,8673850.735,8198235.035,8167426.0,8279457.105,7650663.34,8505606.285,8219614.91,8579646.89,8791615.945,8694645.005,8429637.04,8980768.745,9473513.12,9285706.615,9631685.045,9134043.55,8965911.59,8424525.28,9109266.385,8998708.56,9079763.375,9115691.995,9714699.7,9831548.785,9045770.1,8324387.945,8518612.62,8166201.83,8387157.435,8988947.345,8534384.32,8748425.385,8278333.625,8016969.485,8509312.035,8519494.63,8370355.71,8210602.635,8341194.275,8951523.585,9175373.065,9204566.65,8744571.21,9022166.68,9475940.635,9125255.98,8825929.67,8481063.75,8466466.5,8868799.565,8457974.905,8520014.12,10002715.995,9230576.69,9423692.105,10010066.405,10264570.35,11024960.74,11151517.835,11297221.57
2,4969913.06,7756607.14,7674295.095,8064275.135,8599950.835,8840951.765,8332966.365,8156066.765,8403459.835,8353464.6,8629799.29,8931221.065,8925509.38,8556811.56,8902122.65,8729825.385,8847055.965,8214260.535,8306147.625,7368131.305,8260453.62,8920910.31,8636947.685,9161098.405,8337971.24,8941730.38,8828912.045,8701321.735,9449182.98,8421724.905,9003100.205,8295758.305,8558559.16,8499652.01,8657413.505,8845429.935,8836445.85,9138329.695,8716797.695,8684568.365,9215907.485,7806443.535,8038144.97,8269346.475,8397036.175,8424560.48,7721567.365,8679796.9,7803307.805,8493842.57,7176353.705,7436553.15,8381742.56,7819162.355,8357743.4,8364438.57,7863837.195,7331378.735,7642253.33,7377345.3,7755204.915,8440675.2,8296753.805,8705235.44,8005513.315,8006995.77,7914915.06,8225532.125,8504109.98,7911244.73,8108001.455,8908418.26,9028594.595,9299912.69,9026462.75,8649061.5,9163193.155,9423204.9,9091170.63,8824343.36,8984574.195,9230398.23,9397601.535,9231345.67,9018505.795,9402573.765,8592506.195,9654996.0,8572051.835,8632482.41,9434973.605,9335607.695,8867691.985,8547223.64,8758350.62,8886221.935,8376940.755,8566679.44,8195443.225,8661240.85,8132120.75,8355768.085,8431412.65,8369311.18,8648411.37,8119615.8,7970535.16,8538903.115,8204168.395,8252937.93,9229849.15,8582571.995,9101885.475,8126154.12,8614433.73,8043502.235,8101730.57,7889659.53,8083326.02,8701987.645,8123820.48,7602964.82,8240683.875,8108260.855,8130796.855,7716020.655,8259215.205,8736584.67,7829830.305,8386147.69,8502828.385,8769139.49,8235838.115,8291858.13,7931637.215,8527328.01,8932451.225,8847118.27,9351562.375,8582138.355,7864428.35,8242484.32,8394251.1,8691873.64,9598655.765,9718995.26,9583188.825,9172033.915,9567486.015,8727274.545,9567206.26,9291642.755,9473983.33,9370629.81,8649743.41,8870596.435,9528562.625,9144512.16,9436660.735,8787145.605,8627700.6,8660695.665,7856636.005,8673916.39,8302105.625,8363632.815,8512762.815,8434528.46,8356174.13,8925907.03,8854500.98,9047134.465,8046621.245,8306247.465,8886621.055,8165980.195,7991301.045,7918198.35,7865965.71,8015564.965,7800329.56,8083943.63,7988195.135,8850343.33,7546259.915,8622925.055,8798744.71,8127313.715,8371772.645,8302370.66,9144294.87,8336940.115,7776085.33,8305636.78,8237261.205,7486176.615,8755873.795,8350633.08,7744699.135,8080608.735
3,5892343.815,7302501.47,8058073.54,8280760.75,7906590.37,8202925.6,7831002.56,8304731.07,8568800.385,8582877.975,7544557.57,8323301.96,8489349.735,8803842.975,9057966.425,8633408.045,9192188.79,8598811.96,8921216.675,8578478.72,9164152.455,8590995.7,8976685.055,8548984.785,8581715.57,8553438.335,8972175.93,9115570.38,9241002.44,9582744.635,9115907.03,8692372.46,9247817.225,8262474.675,7799409.875,7747588.17,8502321.215,8064477.01,8293409.84,8003931.05,8719730.72,8724097.905,8540671.185,7902817.585,8281121.335,7923383.795,9141387.07,8571726.55,8295165.05,9104983.33,8855879.19,9025674.635,8468341.36,8422730.06,8360202.43,8181890.605,8274071.095,7910427.14,8064898.11,8081974.285,8418069.87,8673854.62,8742296.93,8446251.175,7564150.065,7562251.92,8031280.925,8081893.365,7455640.08,8200545.405,8087609.275,8391615.915,7927080.405,8664601.91,8679586.49,9139081.745,8459272.31,9189537.73,8590524.535,8813537.395,8639052.345,8716713.275,9076140.81,8618482.47,9121643.755,8904049.0,8431278.665,8283476.35,8751542.68,8657893.335,8722106.5,9269557.45,9757270.645,8931582.2,9295289.1,10536803.08,9733672.18,9994371.105,11125134.92,11475640.82,11905863.665,11831164.475,11694425.42,12084793.295,12276141.48,12107315.13,12179864.09,12552650.68,10704075.25,10774445.52,10520948.485,10790054.79,10984006.78,10776049.305,10591307.365,10942013.02,10938631.42,10831266.495,10480636.835,10632399.15,10046144.84,10765465.525,10519159.34,10831982.185,10569891.1,10828513.975,9975874.545,10415116.66,10619082.965,10780206.965,10543060.515,10773692.87,10017963.56,9791062.625,9843567.785,9906785.71,10730403.07,10428508.74,10239154.51,10098621.105,9581081.96,9734149.955,10666741.55,9927691.915,9819618.82,10142455.555,10529337.785,10386493.145,11323332.29,10938253.64,11258940.905,10832645.855,11115117.62,11044755.12,11305831.295,11068249.705,10588604.03,11225391.34,11493568.83,10935371.41,11120774.655,11072679.52,11331113.125,11114292.86,11337695.02,11086116.335,11228020.01,10906230.865,11988045.43,11377925.13,11027344.73,11283765.74,11235558.995,11631857.0,10773467.86,10703653.58,10321728.19,10362802.63,10130620.435,9906020.015,10357284.345,10183964.965,10986660.64,10824859.15,11264159.695,10830703.545,11061074.18,11081954.005,10649648.97,11050771.655,10093843.46,9996530.375,9778278.94,10885842.66,11033167.1,11564546.575,11376668.63,10273504.77,11008071.58,11582958.815
4,5343517.24,7522124.685,8464180.975,8818329.71,8647428.945,8843166.9,8745321.505,8788819.28,8857450.815,7682515.065,8106446.745,8418148.68,8262855.18,8313234.53,9477883.435,8704629.485,7865578.33,8288420.12,7820147.27,7991692.735,8008582.735,8277379.445,8542533.645,8563152.67,8233781.47,9025312.645,8567818.14,8175173.51,9189921.005,9390484.515,9069732.17,8600667.495,8756715.465,9209336.6,8516430.925,8704952.36,8279408.83,8862423.82,8398044.51,7540465.535,7575216.05,7471960.16,8356468.955,8259549.365,8676503.965,8050642.205,8440933.62,8362643.31,8074648.575,9053810.25,8768942.47,8382194.625,8074586.605,8357855.23,8376714.07,8798341.605,8736206.475,8660550.435,7819029.49,8445964.095,8412899.515,7878719.665,8144579.485,8537239.94,7813393.19,7581777.14,7943897.975,8297929.235,7646725.21,8282670.49,8177267.91,8206666.845,8398539.485,7824445.15,8593553.485,8268640.44,8178401.19,7892238.445,8610875.11,7403339.795,7950158.535,7861776.64,7605198.52,8172748.045,8462883.405,8019453.825,8019188.805,7732779.98,7916672.9,7929845.31,8873067.67,8683920.115,8344490.9,8871633.3,8466082.195,8808696.57,9363634.125,8808214.385,8937969.795,8552617.145,9231812.985,8880279.73,8560013.025,9402073.0,8944693.6,9127944.45,9440201.185,9462733.385,9541064.77,8973700.04,8957431.715,9030542.88,8543362.99,9006669.015,8349189.445,9075013.51,9118025.015,8472866.535,9035868.26,8715785.54,8899050.725,8246655.835,9089449.56,8242928.23,8875655.64,9061365.58,8854423.475,8818890.665,8697342.255,9074137.26,8478547.355,8233119.115,8553115.42,8423724.7,8432675.93,7965262.43,8674917.055,8948527.005,8061524.565,8644284.89,8528703.18,8225960.665,8561420.805,7933160.075,7658685.22,7792869.515,7660296.75,7834982.695,7755096.75,7980170.63,8361406.505,8071616.835,8218367.745,7948894.45,8274501.36,8488481.61,8319685.94,8205502.765,8322944.955,8047755.21,7910317.035,8071628.36,8035667.955,8174542.185,8049439.715,7937064.6,8459578.225,8381327.24,7929065.355,7192528.34,8188329.8,7884972.305,7661213.225,7551439.73,7970726.005,7623657.255,8395603.75,7489515.38,8449309.025,8209176.065,8255767.875,8362338.79,7929704.63,7672429.335,7530046.84,8709758.775,8520642.02,7985371.48,7442612.885,7930041.655,8311048.575,7896985.38,8116999.3,7948352.5,8225330.285,8518209.54,8198399.73,8082234.975,7524275.035,8683553.74
5,5025555.75,7010948.025,8101373.205,8498845.525,8423772.485,8715077.535,8512986.085,8485689.59,7761993.685,8669010.905,9025665.875,8991440.33,9175601.615,8524645.74,7735314.535,8055670.295,8353814.84,8320343.54,7662245.855,8347354.855,8802126.235,8930019.535,8675666.12,9529855.85,8924385.3,8540487.1,9108068.53,8511088.91,8727656.425,8736003.2,9172234.065,8814225.605,9611130.93,9255553.965,8958745.81,8898240.82,8516791.055,8667384.725,8400043.95,9392437.355,8758952.495,9440634.64,8998145.9,9350296.675,9238253.915,9566704.13,10002505.715,9686786.59,10086107.675,8834182.36,8943198.325,9656476.995,9715851.06,9872893.02,10440004.38,11394029.08,11470009.435,11643534.92,11512450.955,12122914.52,11544208.16,11278833.04,11572208.005,11039461.16,10366704.365,9672324.29,9663120.63,10108150.435,9858603.705,10374568.305,9764096.74,10221696.68,10087321.44,10313196.695,11024117.3,10629745.745,10880950.25,10874610.175,11433547.29,11173466.04,10489159.43,11508824.7,11477309.345,11533035.87,11037289.915,11325378.875,10691649.71,10768261.68,11133608.075,10706461.945,10091059.765,10917908.325,10273239.82,10128270.41,10676559.085,10473301.155,10891620.025,10671226.995,10810285.845,10328006.255,10335209.25,10081102.25,10411669.175,10621314.12,10601827.185,10257974.18,10469672.575,11361446.34,12055090.9,12253061.2,11248160.01,12123816.61,11758555.785,11383219.445,11946401.5,11962735.01,12329781.385,11038005.77,10463555.27,10711384.45,10998760.09,10146651.65,10681249.58,9855719.91,11104778.075,10584230.235,10621779.525,10570437.905,10661950.665,10337775.63,9575047.455,10267826.41,9895192.17,10342520.64,10348272.35,9604228.495,10257058.455,10806707.045,10625569.015,9844105.36,10562543.86,9982412.31,10749118.715,10290983.325,10615996.39,10345953.68,10528304.985,10650428.95,10270659.805,10559897.835,10853220.105,11672617.055,11352180.73,10590140.12,10151237.425,10171791.3,10223883.705,10663630.895,10837250.495,10156613.995,10145539.91,10600259.84,10396818.57,10929655.035,11367820.295,11034459.905,11203797.135,11278028.455,11357031.115,10668000.31,11152399.53,11180306.01,11123518.035,11486844.735,11570038.045,10993276.74,11466392.42,11298650.44,11243653.69,10964780.485,10524809.855,10762099.395,10037785.555,10433154.5,10926622.67,10817636.96,11297347.45,11257933.385,12089414.195,11854827.995,11488081.485,12013087.61,11478538.95,11642005.575,11760320.28,11277097.68,11771978.82,11389029.09,10821716.59,11111554.015
6,5393605.81,6930070.315,8707422.485,8261900.9,8724595.55,8656993.12,8623923.18,8411636.985,8277243.73,8500970.855,8800797.14,8700459.66,8777101.91,9131925.965,9046077.18,8565743.785,8245145.39,8277752.335,8669374.88,8138473.86,8284587.765,8499981.495,9063170.57,9179622.79,8396264.015,8595866.28,8902873.425,8469350.87,8007297.515,9343114.81,9062906.34,8867750.895,9128146.485,8595233.155,8675547.98,7893145.66,7606975.26,8504744.855,8725117.79,8096259.85,8819616.01,9195593.06,8566425.96,8200430.55,8617854.935,8973196.82,9014998.075,8419637.4,8516665.015,8764180.74,8540301.28,8765542.22,8926666.42,9363283.215,9425396.275,9875426.945,9355376.745,10122953.795,9911515.27,9432697.535,9374437.825,10251106.18,10629352.915,11054029.16,10556491.42,10987839.21,11528365.33,11296950.045,12019240.75,11579181.35,11121739.1,11672840.695,11579765.915,12096482.29,11964052.4,11542573.58,11585797.185,11111375.81,11579127.305,11085416.895,10540214.695,9611272.36,9879161.165,9638786.425,9402958.82,9537814.355,9840321.455,9311318.89,9946336.89,9699139.695,10305253.335,9855131.03,10133803.765,9275283.85,9498228.02,9072446.145,8134686.215,8239898.33,8684105.355,8435300.09,8524704.36,9015974.625,7970682.17,8586221.885,8415406.3,8885315.78,8808492.745,9097466.26,8835156.505,8936407.2,8288348.975,8677260.815,7987486.145,8157091.875,7876533.865,7832179.375,8712412.155,8807181.37,8391907.34,8567928.0,8530182.25,8814686.85,9341679.53,8367630.085,8122313.615,8422013.345,8424000.36,8289345.22,7460730.08,8126199.55,8255594.815,8374741.865,8316637.705,7958063.445,7680009.145,7858363.395,8677628.445,8569132.835,8488647.76,8276881.005,8597011.185,8192069.88,8533668.425,7831100.235,8937201.455,8009791.655,8546106.75,8388116.8,8651923.025,9098819.68,8483466.515,8070800.655,8175554.39,8514127.725,8566751.175,8377530.21,8758830.6,8228362.63,8462513.725,8053506.66,8244411.94,8494206.05,8411553.41,8556487.39,8259107.52,8383591.505,8078014.3,8297558.825,8361791.535,7778039.155,7988642.78,7809199.39,8396612.36,8084555.42,7500617.745,7880594.09,8252117.965,8232811.935,8048216.965,8241096.865,8304529.41,8389963.205,8120370.615,7424151.48,7831598.445,8122785.165,7877499.75,8197063.685,8370514.48,8439252.265,8311529.21,7592929.98,8103824.575,8185177.025,8476621.4,7966187.42,8378436.7,8200675.665,8691942.725,8175796.445
7,5642287.145,7402319.265,8124974.645,8317662.58,8820339.885,8753173.225,8189069.485,8577227.14,9201015.52,8361750.445,8579583.165,9040240.51,8913916.33,8465535.61,8445637.86,8898041.35,8807409.91,8933136.055,9107780.515,8041831.055,8146404.415,7813464.3,7874986.975,7763982.19,8390395.28,8124940.345,8268242.625,8142487.63,8542399.35,7702134.63,8733508.215,8450778.705,8576981.12,8504565.135,8733411.81,8602678.59,8426540.43,7883428.96,7877279.49,7704634.59,7980456.465,8154522.195,8382408.435,8524048.47,7895259.25,8278365.815,8599765.93,8273150.63,8043115.975,7786892.81,8325858.875,8598981.41,8852967.1,7764386.555,7690343.46,7640424.595,7837954.16,8334971.545,7980075.025,8161069.16,7993525.33,8290170.275,8107988.75,7905835.265,8149226.455,8469295.005,8266452.335,7928135.225,7946919.15,7793046.825,8369773.265,9001383.42,8047891.27,7854341.41,8492746.835,8450625.96,8882379.85,8086681.415,7722573.28,8121530.35,7607785.565,8035079.01,7784180.285,8762835.765,8587588.25,8144680.73,8684953.245,8353889.76,7410873.12,8410182.385,8398769.245,8339155.62,7640548.09,8404727.255,8105950.08,7728646.005,8419607.93,8532766.535,8215360.695,7585042.42,8430882.65,8396064.77,7806524.655,7774828.47,7904981.385,8397630.54,7972881.11,7692701.47,7761442.025,7699469.71,8402701.365,8607184.205,8307539.52,8292833.43,8564938.45,8499459.81,8651339.13,8791185.775,8141220.035,7558586.115,8137048.84,7982648.785,8971411.395,8320449.79,8017671.435,7933067.77,8316786.555,8284000.225,7919253.77,7700920.485,8018291.21,8307127.705,8283930.45,8116153.97,7293224.895,7844140.685,8130648.88,8087260.52,8203542.13,8690402.1,7511863.43,8041204.7,8134493.01,8476005.925,8350240.99,8596560.51,8673213.905,7764203.325,8272074.965,8279442.165,8326854.985,8234990.865,8407683.33,8815746.43,8563160.565,8673178.805,8044911.17,9043695.85,8401654.885,8559102.935,8586378.2,7485038.71,7711509.79,8327973.445,7910574.775,8478790.165,8140672.03,8620093.69,9055149.71,8648368.67,8630683.72,8138603.98,8207233.43,8190611.745,8240219.78,8663342.005,8350109.585,8394802.405,8473761.21,8839957.71,8315609.435,7852998.325,8579233.59,8209014.775,8641287.33,8926637.635,8848910.13,8686487.91,8894913.52,8319632.26,8421624.33,8905506.29,8812143.25,8392003.275,8266319.065,7815948.335,8078405.765,8969968.125,8230030.675,8352581.535
8,5871568.785,7084870.165,8248952.65,8222981.88,8484909.955,8393035.32,8068831.21,8358075.745,8232704.535,7732127.945,7825345.78,8194922.35,8250494.71,8622304.385,9164919.935,8511565.505,8849680.37,8377926.07,8755655.15,8298621.6,8218777.05,8405459.785,8557575.78,8357488.35,8576265.77,9387731.4,9110277.62,8749200.665,9351303.62,8971272.05,9554968.105,8839848.98,8854912.155,9313385.985,9516004.485,9056184.59,8877748.835,9415293.755,8557026.615,7891902.86,8006091.395,8447051.25,8727327.92,8860628.7,8306781.955,8327656.815,8354463.54,8754205.94,8443750.685,8141954.805,8304499.68,8275796.115,8671203.645,8642811.68,8368494.58,8484800.5,8567595.61,8143140.585,7655143.41,8109025.28,7967462.305,8407710.48,8616478.285,8714460.9,9065285.275,8675113.365,8271525.44,8038675.815,8717929.52,8488940.075,7961124.19,7756065.225,8172237.655,7835385.08,7966789.45,7867933.295,7923255.04,7548473.955,7753701.425,8523899.71,8341089.74,8270897.645,8383263.43,8063834.975,7908153.95,8352399.05,8041590.155,7984436.655,8496519.79,8102913.2,9259801.545,8447008.67,8849730.675,8327834.065,8484646.075,8756092.145,8360320.665,8193309.845,8169103.37,7732118.685,7862476.58,8173721.66,8386877.26,7752770.84,8150253.775,8109115.395,8164638.14,8497167.725,7983968.63,7505050.13,7653552.74,8011610.615,7696590.705,7713222.58,8213721.1,7873880.24,7986114.545,8108390.36,8218180.885,7099618.175,8056474.03,8170873.475,8450146.095,8382580.645,8050203.08,8345019.43,8453598.03,7808544.85,7791346.88,8007928.33,8532424.765,8255884.155,8529969.95,7826226.96,7886490.22,7790786.265,7792638.36,8569885.04,8458977.83,8102586.55,7902989.825,7903479.235,7917072.565,8446208.76,7535072.595,7880011.915,7878064.235,7873888.72,7753047.125,7726621.41,7822444.765,8452971.365,8264459.02,8077237.055,8740774.68,8560252.435,8376127.595,8597268.95,8295194.89,7244508.565,7729157.25,8316012.025,8143124.16,7629443.2,8169615.52,7628298.03,7931413.2,7645278.72,8238026.43,7712266.84,7194594.81,8066380.085,7804522.425,8283695.745,8445031.46,7904142.55,8357964.215,8420103.57,8203143.68,7676947.45,7944000.47,7763766.17,8482386.08,7910638.73,7978633.815,7666180.75,7891070.33,7377998.01,8762484.84,7510697.195,7977849.085,8043907.625,7563198.565,8403175.88,7517461.04,8228396.725,8894825.325,8707724.885,8418496.185,8311780.225
9,4986664.695,6945181.18,8003446.38,8524130.5,8351565.07,9350721.755,8603595.32,8953913.195,9322231.235,8298276.01,9061890.24,9104382.705,9161124.945,8219549.01,7774204.76,8046449.01,7723702.43,8253132.41,8193059.59,9011553.23,8856132.725,8554584.24,8322793.715,7755972.83,8360556.08,9128718.85,8814023.675,8899536.48,9003536.95,8649447.41,8821875.69,8899692.13,8514723.815,8244835.27,7946876.34,7942259.7,8436891.965,8422044.985,8385656.535,8417442.16,8598301.85,8038203.62,8278057.825,8508060.615,8628172.435,8067470.28,8275927.685,8835841.41,9195969.095,8503363.385,7699617.845,8258799.73,9155436.62,8867433.21,8715681.525,9080978.365,8951231.82,8258669.08,7602868.38,8241527.19,8944204.635,8633582.535,8929867.17,9006750.56,8908918.22,8695120.685,9041160.59,9239825.615,9392386.37,9696523.255,10509761.465,10462064.6,10262627.07,11103722.2,11303486.96,11112081.71,12071558.625,11741159.24,10937248.205,10015619.685,9528186.755,10241415.67,10206217.605,10158465.675,10493041.645,9472919.35,10182493.925,9576745.925,9817031.895,9707205.145,10543314.165,9132346.77,9740336.96,9680966.34,9728638.98,9090212.43,9905984.015,9733690.63,9874898.85,10013113.2,10381447.27,10182849.725,10297466.845,10011003.695,10279340.56,10481089.245,10095569.2,9543309.41,10523899.405,10934154.075,10554421.24,10821044.705,11024208.54,11353235.7,11366444.375,11702307.42,11491284.73,11193141.26,11596790.255,10850613.575,10676712.685,10517915.645,10839442.85,10491683.135,11074541.795,10759160.125,11104489.01,11084044.5,10819173.655,11267211.475,11033448.625,10409714.135,10786617.82,10726941.225,11746654.91,11887475.25,12550055.495,12472964.99,11846469.96,11976630.955,12081777.285,11725542.505,11519580.22,12181849.36,10971144.58,11414733.115,11024885.555,11001116.675,11558818.345,11590884.7,11309532.38,11455341.155,11088251.33,11302909.375,11512867.68,11305331.425,10629143.535,11044012.045,11599640.675,10955889.86,10691833.375,10708791.715,10765714.39,11089567.33,11092191.745,10735481.34,10515980.13,9878938.35,11168628.59,11088414.585,11322063.395,11560763.3,10689571.0,10803786.405,10795042.725,11524627.585,10858662.985,11042156.745,10998651.985,11425142.195,11802971.655,11326271.69,11462572.89,11610573.665,11436937.565,10813292.125,11007075.485,11353423.755,11117107.51,11301735.47,10739263.66,9777310.115,11000156.035,11000390.1,10200236.035,10109291.215,10873715.105,10810275.365,10453689.86,11191163.705
10,5512887.285,7413026.935,7788271.535,8097932.5,8587018.68,7890267.73,8155914.74,7841600.43,8143512.505,8361249.215,8299650.89,9175787.88,9227611.92,8580001.58,8384122.485,8132419.77,8295787.41,7934356.81,7587031.59,8686320.885,8732735.62,8424190.43,8401984.16,8570144.48,8556252.17,8879885.125,8447412.445,9258254.7,8929530.055,7666031.44,7836272.925,7731715.325,8665110.515,8423161.33,8961597.535,8229665.07,8844763.44,8268529.53,8797213.24,8764955.225,8720113.575,8035014.635,8485866.99,9014610.365,8407373.555,9294581.5,8379747.875,8518097.91,8586689.03,8323365.335,7729809.435,8328654.46,8542306.965,7991102.18,7892680.175,8064156.635,8413318.03,7987254.135,7615619.67,7982872.735,8415406.225,7859007.25,7792681.215,7879743.495,7874025.49,8550967.06,8067489.145,7650693.975,8061140.585,8224364.98,7912034.57,7758025.27,8177608.445,8524024.69,8241130.43,7745955.765,7903401.425,8074144.65,8003964.16,7952695.02,8872790.785,8405631.195,8484580.565,7948138.595,8225561.04,8433592.84,8556448.48,8397272.9,8656547.89,9210560.06,8617194.245,8124389.745,8373721.58,8541127.29,8822642.07,9109268.245,8988492.925,8684076.75,8613885.59,8877516.925,9226389.565,8665324.675,8016024.275,8380726.055,8921990.515,8529335.515,8362465.37,7889484.87,8255922.235,8621783.23,8377538.69,8376823.66,8358883.085,8854157.59,8548796.835,8458236.57,8441106.745,8598437.435,8840615.54,9737622.28,9744005.06,9332888.985,9940398.305,9722623.975,9936343.795,10125767.78,11044478.28,11606320.265,11127618.315,11120041.285,10846871.665,11373005.995,11401845.87,11161127.34,10468974.88,10972833.235,11055532.205,10708551.795,10923582.595,11183443.62,10449435.275,10701596.91,10634926.25,10901639.91,11396394.345,11497243.835,11172951.85,10475079.955,10841968.84,10702953.785,10451939.55,10987948.455,10567415.935,10959578.735,11303420.85,11344372.49,10718238.23,10970429.215,10709234.45,11115366.87,11012241.42,10650774.74,11582969.63,10847506.845,10818174.205,10909331.825,11369589.65,11305049.115,11234308.125,10503744.82,10277651.655,10085570.0,10457493.845,10811372.595,10484737.085,11309572.07,11117293.27,10313837.46,10389548.745,10619293.285,11932551.155,10923660.15,11275293.68,11041753.32,10957968.075,11592776.21,10858505.34,10606570.285,10639515.275,11045736.105,10795735.63,11059418.005,10959629.935,10825441.3,10744372.775,11131979.39,11106848.34,10659132.81,10750093.735,11228091.93
11,5867586.71,7176301.775,8120982.39,8741887.915,8633627.84,7826529.48,8611204.19,8975875.135,8383078.72,8985439.695,8569353.175,8569517.215,8316122.015,8792316.4,7392498.43,7934380.57,7959284.725,8201288.43,8315986.97,8391426.82,8098020.005,8468945.74,8510022.35,8694682.47,8318993.49,8808653.865,8870004.73,9240327.915,9353308.79,9113924.42,9188017.2,8557009.71,9112495.675,8305028.86,9014253.15,9410428.66,8478022.66,9092891.04,9031100.65,9279797.96,8455305.91,9013762.935,8847848.15,9001448.35,9380576.885,8937090.12,9313421.08,9449201.805,9171417.77,7770288.135,7930333.495,8993417.13,8297374.535,8072615.455,8300383.77,8236782.82,8650439.445,8258963.875,7957160.045,7881715.01,8260502.25,8525970.22,8253027.515,8364390.4,8745281.34,8128464.58,7830218.165,8133567.04,8613082.47,8495542.645,8244476.155,8720088.5,8448219.315,8386722.8,8033423.74,8411791.855,7628142.17,8572421.455,8534512.5,7448493.225,7588352.835,8129626.46,8526573.185,8495538.41,8168803.4,8400155.015,8377805.925,8607564.955,8281684.155,7826270.305,8549343.6,8815736.665,8423112.69,8810457.125,8263708.09,7062580.705,8349209.86,8868032.26,8389353.4,7574719.645,8762970.65,9024499.56,8166523.725,7658397.585,8384651.675,8593131.095,8355379.645,8158955.775,7980810.6,7558587.4,7533308.555,8077826.215,8005570.68,7849599.47,8224199.475,8704592.08,8536795.6,8447163.65,8460668.085,8224610.285,8249769.95,8145047.545,8573041.385,8730976.63,8288557.47,8301203.945,8788726.91,8271379.35,8248171.84,8155157.935,8996520.51,8327096.505,8181959.74,8152147.545,8082800.855,8453988.33,8774545.11,8667511.21,8498596.465,8896015.49,8671344.445,9251052.015,8365248.695,8829392.325,9210135.61,8685135.63,8564471.79,9112996.845,8617431.83,9346219.345,8845970.15,9304093.96,10264498.975,10391022.525,10437868.57,10341789.94,10245245.62,9830584.78,10551740.62,10740149.76,11200873.49,11553124.805,11072152.6,10588902.76,10896253.265,11383506.86,10929375.04,10832931.38,11464514.135,10671039.27,10342995.585,10416533.555,10525817.27,11129328.27,11150306.08,11606621.605,11527386.865,10818205.22,10973286.41,11346075.28,11235017.79,11212831.265,11394472.975,11626350.08,11176014.61,11378982.48,10834531.93,10491067.91,11019404.65,11472598.095,10361851.82,10223466.88,10646878.81,10536960.67,9707277.66,10427285.745,10405688.94,10967367.0,11102706.405,11397826.49
12,5132850.555,6979148.755,7954131.23,8307554.85,7751196.435,8594902.73,8432379.675,8054473.42,8462454.32,8562569.26,8017946.27,8562442.335,8628199.53,8452845.465,8191978.585,8839432.115,8277883.165,8721999.315,8837926.735,7886702.005,8331469.925,8599920.115,8144126.22,8540344.895,8253275.785,8978702.35,7962372.23,8317036.29,8768675.125,8977036.945,8964192.685,8751860.495,8201303.335,8607272.01,7313851.315,8079403.18,7896692.35,7535240.405,8409284.91,8073854.965,8114880.29,8053864.11,8209353.365,8808113.31,7930024.415,7966725.485,7890065.545,7969890.305,7843267.51,7957052.3,8160405.21,7947074.505,7951618.09,7981991.52,7915064.22,7912128.175,8318714.055,8213969.905,7633405.02,8064404.79,7999853.77,8543746.18,8227621.06,8554539.33,8246255.935,8185437.34,8662462.49,7945313.655,7576489.53,8089649.55,8363273.42,8904658.645,7981864.23,8088472.995,7836291.515,7871815.26,7887350.435,8014669.215,8226339.825,8168761.59,8138128.7,8432893.395,7994879.83,7526853.785,8340251.075,7979890.32,7647433.63,7765973.275,7746201.925,7523207.925,8651937.645,8121565.775,8160113.065,8409553.445,8170381.235,8124660.985,7808301.995,8224731.715,7727410.61,8186004.6,8384973.185,7753282.5,8085825.34,8194968.22,8036248.885,7973886.705,8505569.545,8341406.32,8593937.615,7998233.905,8178956.665,8444343.49,8319067.925,7364234.845,8435921.535,7786641.12,8066272.24,8590951.535,8016392.0,8379787.99,8468664.115,8230673.65,7765280.845,8226191.235,8085449.11,8085564.53,8617688.605,8522674.005,7955456.16,7796831.805,8132311.68,8012828.185,7967644.95,8336553.66,7858550.2,8074958.425,7834276.93,7598455.68,7661262.68,8527252.895,7810109.845,7756072.345,7682215.11,8440328.455,7425283.69,8230963.51,8678447.08,8104716.05,7778523.255,7970848.15,7835172.53,7767873.255,9044137.655,8031901.005,7461979.425,8195186.795,8525801.355,8810696.25,8442967.21,7604395.985,7617192.68,7907732.915,7815711.795,8564791.9,8652473.475,7856136.755,7895622.595,8103388.85,7766693.795,7956286.32,8547340.0,8056287.745,8242909.17,8361358.81,8045134.115,8015088.045,7607988.49,8291429.935,8240295.655,7596271.29,7663175.235,7939563.085,7597427.17,7625696.12,7390825.955,7340901.645,7856005.18,7874698.325,8319311.425,8288863.46,8140175.595,7992961.61,8209058.805,7494067.575,8100894.215,8299323.655,7903168.435,8480844.11,7886954.535,7885046.765
13,5292849.155,7552095.115,7814689.975,8849737.595,8244864.57,8817794.245,7814748.36,8426245.645,8700002.22,8232550.055,9030849.075,8940685.69,8624777.87,8950338.49,8226540.06,8515512.225,8033343.61,7916359.43,8381745.15,8771916.485,7286193.51,8137170.63,8289937.435,7584090.73,7798836.49,8301846.155,8305273.815,8127417.565,7578778.35,7511960.34,7980254.445,8248153.95,7737279.12,7790314.55,7656435.7,7535146.735,7966604.185,8090898.9,8300168.44,8226872.09,7559911.185,7537276.725,8094166.15,8834361.68,8698992.995,8644409.685,8448706.04,8920177.315,8907859.965,9005130.8,8863892.345,8581054.46,8977825.63,8757061.475,8473143.81,9093517.12,8810418.28,8545518.585,8789242.36,8951207.75,9005989.09,7952542.875,8805962.575,8904111.395,8594735.96,9213132.08,8749177.81,8696561.715,9271655.16,8815759.045,9133096.485,8682257.815,8790792.53,9242050.68,9516368.43,8169416.52,8868398.09,8193539.8,8396429.53,8051075.0,8621324.06,8624941.6,8488026.4,8851701.41,9067177.925,8790308.405,7796126.04,8293675.34,9167738.485,9202413.68,8726675.39,9598427.51,9565047.205,10328805.315,9980272.88,10185941.32,10482420.6,9739502.8,10423590.69,11025209.865,11275541.25,11714851.45,11918814.495,12197014.82,12320093.715,12051608.765,12110680.395,11527030.89,11612876.755,11652627.67,10791353.715,10236681.23,10336637.53,9952051.16,9871369.89,9844297.295,9395116.215,8958943.51,9532765.075,9809540.09,9873583.53,10301934.565,10283517.71,10669112.455,10341662.155,9982231.125,10391476.025,10440844.025,10709721.935,10097783.025,9345026.62,9432363.275,9868825.785,9440492.02,9312677.41,9724924.51,9433895.155,9643818.265,9776299.325,10097290.835,9970712.175,9737761.045,10393142.625,9574079.03,9588304.655,9887899.265,10740353.625,10235918.16,10507228.97,11135777.67,10498020.57,9803136.33,10307224.82,11094978.235,10017043.52,10123932.27,9963989.56,10255456.62,10589304.765,10197314.68,10219804.275,10832145.02,11558422.12,10940023.565,11344677.635,10685890.925,11082545.91,11020321.05,11072958.825,11240320.745,11302123.16,11203983.22,11258947.945,11433595.14,11356785.07,10937849.705,11010631.7,10895308.035,10429765.74,10562787.11,10600340.59,10360239.78,10298645.56,10447055.35,10309735.275,10344716.28,10176031.765,11314073.38,10891952.0,11224438.84,10784230.35,10672524.8,10423167.9,11062059.53,10568722.46,10481548.265,10651870.825,10521778.775,11262732.645,11480730.125
14,5156309.19,7016525.07,7892221.55,8930648.945,8784828.855,8484415.745,8371518.18,8414977.62,8277580.235,8207231.91,8113886.43,8343301.335,8230839.685,8092658.22,7548320.8,7218908.69,7491496.41,8583572.525,8291071.12,8784346.77,8949898.83,9786153.605,8393216.835,9097280.86,9027284.965,8592864.335,8934244.845,9121774.365,9184235.565,8949184.3,8754970.325,9050745.535,9676189.66,9757119.48,9312697.81,9151872.215,9754043.565,9234298.875,9247425.735,8683289.13,8395602.02,8886345.265,8664648.38,8882136.915,8879563.125,9182323.31,7996456.96,9393861.285,9060913.14,9558762.905,9082857.74,9010776.695,8400895.88,7658068.44,7701814.38,7717105.735,7978675.65,8031351.68,8373375.82,8274190.92,8780390.68,7792755.315,7985087.495,7470379.235,7880740.835,8438573.185,8088023.665,8232056.9,8239300.43,8052453.665,8067389.38,7788605.14,8332344.67,8802145.565,8035400.15,7991329.06,7386510.97,8274798.075,7510609.505,8017352.62,8716682.215,7652834.38,7599836.02,7850592.25,8347671.595,7919289.13,8420334.435,8167114.95,7774831.995,8081110.33,7483956.05,7667644.505,7934902.9,8578471.105,8199310.75,7827231.795,8058033.305,8303559.64,7281186.565,7711276.04,7943568.39,7900425.96,7506789.235,7308117.71,8115600.66,8209020.615,8520424.4,8125471.15,8164474.455,8472887.03,8336230.135,8174887.975,7776967.89,8029807.09,7841626.145,7881642.125,7888639.005,7631625.34,8323137.985,8239911.27,7874759.23,8313076.655,8141960.78,8256278.41,7394631.475,8497874.475,8120886.19,8585260.125,8305447.73,8496374.66,7550705.56,8570185.755,7641789.15,8092450.275,8697438.58,8091230.825,8395745.145,8065988.455,8011592.8,7713043.75,7655848.585,8492712.165,7846714.31,8209556.985,8625017.13,8404606.92,8068931.55,8166740.165,8340004.775,7769531.805,8094045.135,8409914.26,7676371.035,7916537.22,8037662.685,8275375.84,7876040.57,8238542.74,8144362.85,8416404.59,8121539.535,7538825.755,8117373.94,8159977.82,8663328.68,8411610.07,8473874.54,8180907.4,8034686.565,7685626.765,8389687.09,7988426.42,7843421.56,8136933.045,8344930.92,8281563.15,7815395.745,8374516.275,8107552.395,8126324.565,8018540.155,8633889.55,7982650.47,8532120.84,7210092.18,7880288.905,8478772.8,7988460.325,8314074.79,8032873.17,8425928.27,8119465.43,8610419.04,8481656.585,8636899.605,8128231.7,8345234.125,8337459.045,8191390.61,8302361.47
15,4570029.8,6742193.1,7779168.705,8085784.9,7986516.815,8254845.02,8150381.22,8494758.885,8990323.5,8298916.345,8412081.29,8313952.24,8847041.905,8648903.39,8441941.405,9062623.17,8602533.865,8327195.455,9315276.265,8267523.71,9072126.47,8882152.425,9381976.285,9122429.01,8972280.775,8958751.225,8895699.36,8398048.915,8971948.595,8822525.025,9117709.19,8844239.79,8918511.16,9113603.79,8143589.32,8394815.66,9296806.285,9373460.945,9655907.825,8954503.165,8787830.015,9146004.825,9161572.51,9376254.7,10066698.435,9539466.94,9449013.375,8852617.825,9249519.815,8639586.335,9326383.11,9117373.765,9010726.905,8894839.095,8391465.085,8699814.655,8670415.375,9324495.57,8730607.05,9336375.035,8798371.745,8602637.35,8922870.365,8903112.39,8702247.3,8980693.87,7867069.065,7539663.36,8509362.7,8659527.085,9012909.835,8942991.495,8977104.14,8782986.775,8728056.415,8214487.695,8519837.375,9003819.11,8759356.505,9612234.49,9959634.73,10002931.27,10750053.9,9873240.04,9869327.685,10018354.605,10204949.405,10952755.645,10494772.915,10223791.15,10124037.89,10643325.745,10943527.895,11284279.615,11033897.245,10785518.045,11090967.065,11276596.615,10673877.365,10728655.345,11442803.655,10588496.85,11249469.655,10993376.195,11104451.21,11123789.25,10655382.93,10520901.335,10456967.895,9872667.135,10854777.61,11101013.34,10997755.725,10806170.02,10468182.52,10317053.07,10562259.155,10271722.995,10631057.73,11484245.88,11540078.48,11356917.525,11180521.675,10801983.215,11594985.25,11356813.32,11129890.695,11392695.27,10528646.49,10864400.52,11265803.08,11332484.885,10738916.525,10786275.58,11249515.09,10727142.805,11268271.13,11586415.72,11784388.105,11812605.825,11487055.47,10814181.495,11405458.915,11539256.225,11393927.135,10748669.75,10566974.415,10984136.12,10632227.715,11336506.89,11235226.75,11128577.22,11193413.225,11553277.61,11478799.04,11121674.175,11286370.6,11681666.785,11451255.935,11142839.91,10658560.845,10987297.905,10722276.88,10378744.55,10652956.005,10783931.8,10406304.765,11356125.725,11061662.755,10536829.87,10656441.425,10754976.01,10698410.875,10062043.505,10904457.01,10474970.035,10082896.4,10491947.765,10722569.81,10596928.86,10761188.63,10197206.08,10314498.815,10280740.025,10416668.93,10246646.015,10375925.31,10918830.665,10834522.115,10699578.835,10884483.065,10492787.79,10278668.85,10114523.27,10918583.77,10824239.89,10658888.665,10880090.89,11658712.04,11085654.47
16,5637328.415,7383231.155,8426785.22,8586241.06,7603237.185,8608558.69,8387259.82,8395996.085,8235302.095,8353506.385,8454607.71,8986186.64,8326926.005,8745495.74,8494122.78,8781206.86,9083239.62,9229091.7,9233538.085,9221076.86,8830528.735,9742090.805,9086346.205,9024112.71,8715261.31,8831658.12,8296351.855,9028648.23,8603395.37,8554475.305,8653250.755,8165496.595,7951456.55,8239164.515,7874788.745,8867727.035,9249027.9,9175526.35,9458898.61,8843424.99,8947732.68,8584817.145,8313151.315,8782546.31,8594558.39,7577293.835,8436417.175,8149056.115,8295940.935,8556745.535,8203380.46,8646184.245,8457201.42,8056547.465,8580983.945,8695918.59,8728279.32,8894261.32,8381080.415,8731130.005,8366232.3,8251196.705,8337843.78,8060679.24,8008560.83,8724207.865,8130311.135,8972306.44,8022019.65,8644079.52,8949817.28,8539274.355,8089463.86,8314056.18,8447745.935,8427522.26,7414466.755,8094068.745,8932189.12,8085075.18,7539187.715,8203935.57,7958088.73,8787106.085,8345553.48,8498690.035,8161393.035,8179782.36,8174419.48,7864876.24,7608866.375,7930740.88,8063234.115,7552759.42,8013382.285,8669173.235,7831921.03,7763219.595,7415454.475,7863710.37,8134485.64,8416286.415,8412500.325,7334277.03,8478258.75,7858392.235,8080367.455,8331131.125,7771094.835,7553709.425,7884439.32,8381459.525,7885112.2,7867308.105,8351182.4,8273077.445,8055866.825,8208897.38,8315218.63,8225356.035,7205547.28,8965912.52,8693796.845,8172131.395,8648151.945,8230497.63,8109639.465,8670476.78,8188877.29,8144471.435,8455914.53,8079599.04,7972429.2,8692594.25,8010652.345,7937142.175,7984768.225,7748038.555,7496671.96,7704278.155,7661456.65,8216657.27,7946097.09,8823792.915,7033192.66,7817101.215,7929036.39,8018874.89,8075574.555,7468170.27,8358945.655,8087009.41,7719184.525,8341313.965,8540342.64,8177150.965,8054990.67,8210592.27,8021672.32,9164853.94,8041050.715,7991201.225,8152873.765,8192867.395,8525822.36,8545457.975,8353150.775,8368450.765,8084930.51,8019619.005,7964925.05,8981076.99,8299464.98,8447485.295,8707835.815,7912798.66,7909702.285,7690128.285,7746747.505,8183586.67,8056188.465,8418530.96,8736998.44,7692859.475,7704314.675,7832197.595,8002722.845,7679397.53,7703870.175,8472422.195,7881823.38,7349241.21,7948701.575,7865020.41,7735310.6,8182349.575,8160971.39,8109453.89,7966869.49,7930279.715
17,4760306.96,6921499.33,7907736.585,8399982.685,8015394.665,7883003.56,7911887.465,7791446.94,8007868.305,8482330.38,8519615.11,8357132.925,8455712.815,8447021.165,8962900.19,8462217.8,8366178.85,7783454.635,8344562.355,7907439.5,7516633.82,8368857.945,8243419.195,8443883.46,8075019.605,8358389.705,8710648.835,8243610.335,8015630.085,7709446.31,7905769.495,7888934.25,8281607.525,7540001.39,8119503.69,8233869.505,8496563.975,8494818.58,8194167.64,7735856.495,8358080.635,8085406.38,8084419.27,7940474.465,8394466.335,8386007.6,7714914.575,7711664.015,7801942.56,7581874.735,7739493.11,8202339.57,7885284.72,8854747.6,7457737.125,8377295.475,8252790.355,7944973.48,7656001.42,8539698.445,8834785.385,8456636.47,8399775.5,8534044.34,8679093.695,8716575.27,7851507.24,8266538.645,8935317.58,8174303.425,8136382.57,8048414.225,8709833.425,8833998.58,8508761.44,8429748.37,8639073.85,9083041.83,8382669.55,8617199.745,8350052.16,8564051.0,8428711.1,8320952.33,7742980.475,8124068.915,8546988.045,8824729.93,8825055.385,8700406.675,8202742.625,9230149.38,8688275.67,8692120.91,8680838.725,8718411.46,7855572.43,8391821.19,8366715.615,9017319.835,9566613.13,9387336.845,9497370.975,8267352.52,9031362.515,9390373.01,8843532.23,9329693.235,8927061.505,8166524.875,7994846.54,7797370.16,8441030.84,8307491.42,8809203.785,8561576.025,8430028.775,8257390.605,8703311.06,8208051.16,8278087.645,8245631.385,7747660.785,8651433.345,8228547.395,7588739.97,8289529.575,8518731.975,7781552.915,8916724.315,9265979.19,9186915.655,8234925.51,8778228.695,9209815.49,9493987.65,8841285.63,8571347.51,8475731.415,8996324.74,9794090.18,8379577.41,8828801.66,9117324.06,9416180.955,9295605.08,9177500.925,8459391.925,8721596.63,8009217.655,8213475.56,8011687.84,8227003.115,8603277.19,8372155.955,8282830.88,8441886.815,8501431.83,9187389.08,8733043.275,7974072.76,8263124.025,8298906.355,8309080.015,8058267.645,7882743.19,7528965.495,8227289.565,7749681.155,7614268.43,7933435.26,8390057.275,8080193.715,7623695.495,8404634.415,7667271.83,7975499.555,8105670.055,8289564.32,8275509.605,8248729.22,7794549.555,8348478.105,8680789.975,8228063.215,7573255.11,7598810.41,7809965.83,8483297.825,8045103.4,7492338.1,8894595.925,8240700.48,8406306.105,7533348.485,7643078.915,7880297.17,7377192.21,7423709.465,7585321.05
18,4938931.17,7446300.49,8480710.92,8747485.25,8665360.135,8394693.71,8778583.395,8297267.4,8643991.615,8316543.135,8592386.62,8022538.555,8174133.19,8572124.595,8064955.505,8539559.135,8945238.975,8340603.155,8660635.04,8408506.17,8801127.82,8490317.22,8312519.895,8103200.85,8597340.095,9042633.785,8266115.65,8626235.025,8048777.925,8136373.625,8404130.285,8752000.345,8621175.205,8209807.455,9496370.375,8804875.01,8625404.11,9098727.225,8311446.28,8439889.845,8474281.765,8556414.115,8758780.225,8675005.985,7893854.5,8199195.12,7860148.19,7843877.58,8361460.045,8799032.62,8811293.64,8138313.085,8620889.995,8396271.525,8546019.655,8516501.055,8057527.615,8780207.87,8543747.755,9476595.605,8704225.18,8255094.64,8484993.085,8941997.35,9308895.845,9107367.97,8398967.335,8868904.025,9134984.845,9614117.045,9789141.445,9407781.69,9599331.37,9059098.11,8616056.245,8556520.415,9421327.265,9068493.29,8750409.665,9142979.89,8801431.775,8693397.985,9042197.56,8485315.985,7943872.95,7459837.45,8343985.855,8394862.775,8568525.205,8399755.57,8159144.005,8409336.655,8558205.24,8314039.88,7340625.02,8118062.195,9004558.9,7950241.18,8709592.355,8184576.895,8469283.815,7826738.285,7993104.97,8005743.325,8592011.52,8940413.975,8535617.21,8706448.575,9507879.82,9112989.875,8542422.615,8737122.88,8645234.08,8316312.755,7873238.165,8255266.94,9251749.635,7975026.915,8561562.835,8172201.695,8525301.96,8662159.925,8852178.365,8625512.265,8724335.16,7745087.515,8088737.62,7670776.37,8454075.72,7966160.645,7996766.96,7665791.83,8482638.74,8042943.92,8217780.58,8050076.905,8434709.28,7462217.825,7460242.435,8069447.14,8090446.23,8070820.52,7806896.695,8543668.48,7511560.965,7780698.595,7539723.04,8321236.28,7919175.255,8381302.405,7609163.785,7296460.935,8304313.055,7647433.825,7575007.92,8402775.435,8444356.055,7248717.19,7968971.965,7781781.175,7935539.065,8194195.165,7880707.495,7970054.535,8288245.1,7960914.885,7690691.75,7599368.86,7980727.065,8337588.03,8321496.495,8022776.775,8273235.895,8096054.295,8123166.04,8598287.225,8480651.69,8130444.065,8537850.82,8640968.135,7839260.66,7768756.015,7742210.785,7850830.565,8122949.265,8281446.905,8388544.235,8366276.375,8642621.905,7627377.02,8084008.775,8290942.175,8645724.165,8288018.03,7403006.49,8104921.23,7702500.53,7711965.635,7279643.94,7931548.04
19,5397241.175,7138731.475,8130013.91,8706577.555,9006338.925,8786842.355,8003446.585,8090453.5,8517781.26,7870216.665,7752368.65,8183966.21,8689799.81,8942698.275,8744834.995,8580386.36,8628162.235,8489656.995,9183051.99,8606673.205,8543515.225,8271921.825,7815244.02,8234087.105,8022753.715,7845758.975,8641524.92,8016758.96,8309699.515,8346493.835,8324772.32,8458881.91,8290250.88,8884885.73,8501920.5,8581847.18,8589364.94,9201560.9,7959510.32,8662098.335,7669566.765,8252170.74,8466223.11,7742148.335,7862696.16,8284685.675,8128851.895,8511139.885,9118242.505,8027700.145,8217170.595,8792107.675,8074239.355,8624806.03,8344532.35,8748241.33,8674851.37,7974859.885,8582116.965,8278857.78,8007997.09,8521988.425,7547899.11,7816698.855,7628757.27,7667414.55,7854604.285,7904571.595,7857456.945,7958517.145,7976249.61,8131337.825,8356893.815,8082339.235,8933477.16,9003578.445,8413508.995,8304623.27,9035211.83,8591068.185,8780770.465,8507529.255,8746224.9,7980569.395,8061484.23,7999702.28,7750449.665,8041227.01,8048443.84,7915809.515,8494809.91,7613599.855,8106959.09,8040172.555,8265299.12,8353214.4,8284872.64,7971324.195,7970659.17,7994435.265,7751438.36,8070997.795,8238874.865,8883914.71,8650176.43,8025231.625,8163739.09,8373506.1,7615184.73,7983284.075,7635936.675,8260687.84,8269843.23,8672239.87,9153175.875,8777944.295,7674945.125,8299459.635,8958719.42,8364842.125,9200262.755,8499337.505,8126054.61,8822765.25,8597439.45,8480648.015,8604466.885,8531185.035,8817118.69,9080581.755,9176688.855,8102632.5,8159626.705,8913338.88,7692190.96,7952184.855,8699013.91,8925512.785,8683624.85,8377587.615,9094918.87,8765118.185,8716698.485,8880000.525,8723107.29,9064235.855,7991270.065,8844765.915,9108550.185,9217768.62,8547298.215,9153339.135,8708530.31,9372922.75,9912738.785,10065196.68,9651934.02,9951228.145,9365358.15,10306473.815,10148242.565,9907543.58,10055199.905,10310400.11,9079687.9,9632714.695,9620984.525,9284488.45,9039984.715,9866248.835,8742162.97,9284120.655,9280423.7,9850981.455,9463388.925,9131721.08,9112315.995,9050925.35,9014371.4,8712587.265,8709619.35,9204674.185,9551699.56,9737637.11,8938441.685,8729301.795,9245127.575,8669669.11,8621483.42,9558315.12,9256809.645,8690001.265,9409369.305,8884341.575,8904032.17,8672729.11,8262741.27,8860644.475,7959576.73,8635595.425
20,5150317.38,7267851.025,7148318.255,8081069.345,8916255.64,8370371.175,8724396.685,8703295.075,7311288.75,8549855.72,8716655.73,8945449.175,8347970.265,8591718.68,7952932.095,8481025.885,8615187.395,8691033.875,8548512.2,8702842.27,8908955.525,8523702.07,8136000.885,9228962.515,9529571.595,8599263.375,9045591.99,8141412.885,8347023.525,8476480.19,8827180.875,8382715.05,8117571.195,8508299.15,8605087.775,8292327.255,8058367.125,8462340.015,8057268.66,7973451.99,8495269.095,8423617.705,9021591.395,8656610.96,8481661.805,8975671.945,8820903.17,8727175.945,9477421.66,9230735.21,9606889.97,9672706.785,9389804.91,9225772.56,9280983.835,8352355.47,8876128.505,8697882.17,8676562.625,8944481.34,8963950.11,8882092.52,8869792.69,8682119.56,8986901.85,8953006.02,8484716.885,8741670.775,8669177.91,8139251.745,8798263.08,8833875.535,8575006.65,9405937.155,9212254.58,8596442.535,9547029.72,9212878.83,8348219.725,8387399.875,8309320.63,8049895.765,8203075.39,8719466.08,8664992.235,8137343.315,8850492.015,8366188.005,8116503.075,8536611.24,8599745.28,8750485.03,9156579.48,8338087.975,8396567.34,8679597.41,9145773.91,8875785.635,9532593.805,9205627.46,9151740.18,8803008.735,9393375.65,9303089.39,9396517.06,9188340.86,8593101.56,9119210.735,9791554.49,8893173.585,9401484.145,9761868.375,8897675.08,8512441.99,8637449.545,9340808.2,9320673.34,10295715.43,9613396.29,9226826.31,9312433.395,10715500.555,10630271.975,10185524.345,9869887.085,10822498.115,11059147.79,10507533.11,10320367.215,10267160.735,9771849.795,10273741.74,10296517.295,10328226.33,10965441.82,10901811.755,10841291.03,10320936.51,10895679.585,11630385.98,11129032.39,11132398.165,11025100.145,10730039.165,10984191.43,10940345.71,10886608.445,10234118.98,10181916.59,10513109.885,11043477.12,11672361.15,11405651.67,10811815.575,11175136.205,11235690.74,11683560.625,10835297.555,11136101.145,11418685.565,10997446.195,10870571.37,10853533.19,10628687.94,10700473.755,11029730.585,11097218.44,10872982.425,11473439.715,10731035.715,9921352.155,10044896.93,10981042.135,11115201.04,10625112.155,10260544.185,9922744.765,9818061.635,10261330.65,10190950.925,11184202.855,11135763.58,10907397.38,11429417.325,11014280.885,11341795.035,11087519.99,10874608.25,11069067.5,11031822.47,11089421.625,11120543.53,10382159.89,11256894.97,11366582.32,11452264.48,11822325.82,11006254.57,11136512.965,11280295.035
