Probabilidade de Cruzamento,Elites,Probabilidade de Mutacao,Geracoes,Tamanho da Populacao,Individuo de Melhor Aptidao,Aptidao Media
1.00,0,0.01,25,25,13067234.00,9962404.12
0.80,0,0.01,25,25,12056625.00,11936222.20
0.60,0,0.01,25,25,12681813.00,9356726.76
1.00,0,0.05,25,25,12797952.00,10037893.88
0.80,0,0.05,25,25,13024291.00,7287840.80
0.60,0,0.05,25,25,13003472.00,9313702.96
1.00,0,0.10,25,25,13059269.00,8433607.24
0.80,0,0.10,25,25,12964253.00,9432186.08
0.60,0,0.10,25,25,13131132.00,12435842.00
1.00,2,0.01,25,25,13048621.00,11974112.32
0.80,2,0.01,25,25,12806866.00,11128883.48
0.60,2,0.01,25,25,13000995.00,10130117.24
1.00,2,0.05,25,25,13188020.00,11778914.40
0.80,2,0.05,25,25,13175818.00,10226529.56
0.60,2,0.05,25,25,13058907.00,10154502.24
1.00,2,0.10,25,25,13120445.00,11385757.96
0.80,2,0.10,25,25,13278243.00,10764866.84
0.60,2,0.10,25,25,13078719.00,10594672.72
1.00,2,0.01,25,25,13161610.00,13161610.00
0.80,2,0.01,25,25,13062374.00,12539879.04
0.60,2,0.01,25,25,13057269.00,11805978.76
1.00,2,0.05,25,25,12993100.00,11433928.00
0.80,2,0.05,25,25,13109701.00,11956836.16
0.60,2,0.05,25,25,13193768.00,11268004.56
1.00,2,0.10,25,25,12905476.00,12711991.16
0.80,2,0.10,25,25,12970565.00,11090423.68
0.60,2,0.10,25,25,13193718.00,12024191.00
1.00,6,0.01,25,25,13315397.00,13315397.00
0.80,6,0.01,25,25,13109845.00,12061057.40
0.60,6,0.01,25,25,13208925.00,13201507.68
1.00,6,0.05,25,25,13179217.00,12499326.24
0.80,6,0.05,25,25,13116395.00,11375181.68
0.60,6,0.05,25,25,12957697.00,8592411.04
1.00,6,0.10,25,25,13443084.00,12609044.64
0.80,6,0.10,25,25,13210058.00,12013862.84
0.60,6,0.10,25,25,13127120.00,12910803.28
1.00,10,0.01,25,25,13198527.00,12670585.92
0.80,10,0.01,25,25,13399645.00,12781405.20
0.60,10,0.01,25,25,12940963.00,12423324.48
1.00,10,0.05,25,25,12992186.00,11858679.24
0.80,10,0.05,25,25,13248316.00,13248316.00
0.60,10,0.05,25,25,13095695.00,11883937.76
1.00,10,0.10,25,25,13120503.00,10986564.08
0.80,10,0.10,25,25,13087010.00,12463804.80
0.60,10,0.10,25,25,13056444.00,11068354.84
1.00,0,0.01,50,25,13303983.00,12239664.36
0.80,0,0.01,50,25,12774356.00,11314350.28
0.60,0,0.01,50,25,12991620.00,10051949.12
1.00,0,0.05,50,25,13066948.00,10239902.32
0.80,0,0.05,50,25,13091126.00,8067682.36
0.60,0,0.05,50,25,12373456.00,7585586.68
1.00,0,0.10,50,25,13154588.00,9843806.72
0.80,0,0.10,50,25,12170042.00,8083378.44
0.60,0,0.10,50,25,13118165.00,7825068.72
1.00,2,0.01,50,25,13289622.00,11542927.44
0.80,2,0.01,50,25,13014644.00,11697342.36
0.60,2,0.01,50,25,13062300.00,10578042.72
1.00,2,0.05,50,25,13188857.00,11875171.48
0.80,2,0.05,50,25,13166225.00,12045566.68
0.60,2,0.05,50,25,13338120.00,9678664.84
1.00,2,0.10,50,25,13151204.00,12350117.52
0.80,2,0.10,50,25,13214687.00,11067313.32
0.60,2,0.10,50,25,13091374.00,7869624.72
1.00,2,0.01,50,25,13196423.00,13196423.00
0.80,2,0.01,50,25,13269497.00,8594235.72
0.60,2,0.01,50,25,13065153.00,9141091.28
1.00,2,0.05,50,25,13223527.00,11109572.88
0.80,2,0.05,50,25,13191489.00,12136169.88
0.60,2,0.05,50,25,13205460.00,8942606.64
1.00,2,0.10,50,25,13372182.00,9911721.84
0.80,2,0.10,50,25,13237604.00,9758773.28
0.60,2,0.10,50,25,13062965.00,7643841.20
1.00,6,0.01,50,25,13050833.00,11353658.96
0.80,6,0.01,50,25,13235495.00,13082647.16
0.60,6,0.01,50,25,13260307.00,11597636.24
1.00,6,0.05,50,25,13052807.00,11423552.56
0.80,6,0.05,50,25,13205244.00,12115964.04
0.60,6,0.05,50,25,13081415.00,12438078.44
1.00,6,0.10,50,25,13200223.00,12129434.72
0.80,6,0.10,50,25,13419904.00,11574578.80
0.60,6,0.10,50,25,13043832.00,11478572.16
1.00,10,0.01,50,25,12875159.00,12360152.64
0.80,10,0.01,50,25,13278572.00,12713102.00
0.60,10,0.01,50,25,13187480.00,13058157.76
1.00,10,0.05,50,25,13150448.00,12624430.08
0.80,10,0.05,50,25,13158009.00,11687458.72
0.60,10,0.05,50,25,13028668.00,12941609.12
1.00,10,0.10,50,25,13046563.00,12905036.36
0.80,10,0.10,50,25,13130741.00,11914047.60
0.60,10,0.10,50,25,13121931.00,12336477.76
1.00,0,0.01,75,25,13240423.00,11551889.40
0.80,0,0.01,75,25,12902434.00,12310269.88
0.60,0,0.01,75,25,13185962.00,11603571.12
1.00,0,0.05,75,25,13111286.00,11217019.92
0.80,0,0.05,75,25,13097231.00,10477833.12
0.60,0,0.05,75,25,12844455.00,8269090.32
1.00,0,0.10,75,25,13120152.00,9488095.68
0.80,0,0.10,75,25,12880680.00,8699364.44
0.60,0,0.10,75,25,12493539.00,7340843.24
1.00,2,0.01,75,25,13117906.00,11814908.64
0.80,2,0.01,75,25,13151258.00,11906752.40
0.60,2,0.01,75,25,13197543.00,11505686.32
1.00,2,0.05,75,25,13407437.00,12100643.64
0.80,2,0.05,75,25,13202078.00,11539347.68
0.60,2,0.05,75,25,13319499.00,11512189.80
1.00,2,0.10,75,25,13309873.00,11295269.92
0.80,2,0.10,75,25,13360389.00,9636888.28
0.60,2,0.10,75,25,13389908.00,9811214.76
1.00,2,0.01,75,25,13461329.00,13461329.00
0.80,2,0.01,75,25,13103987.00,9003272.00
0.60,2,0.01,75,25,13211955.00,8943774.44
1.00,2,0.05,75,25,13154983.00,11566589.28
0.80,2,0.05,75,25,13202436.00,10313062.44
0.60,2,0.05,75,25,13146508.00,11331832.00
1.00,2,0.10,75,25,13405640.00,10964693.60
0.80,2,0.10,75,25,13312179.00,10882747.12
0.60,2,0.10,75,25,13382252.00,5912189.80
1.00,6,0.01,75,25,13130649.00,11974623.32
0.80,6,0.01,75,25,13156208.00,13156208.00
0.60,6,0.01,75,25,13261109.00,13105404.92
1.00,6,0.05,75,25,13037560.00,12277971.52
0.80,6,0.05,75,25,12969809.00,10822508.28
0.60,6,0.05,75,25,13080970.00,12501976.84
1.00,6,0.10,75,25,13262312.00,12399774.88
0.80,6,0.10,75,25,13202357.00,11009309.56
0.60,6,0.10,75,25,13332338.00,12123585.72
1.00,10,0.01,75,25,13058720.00,11829513.32
0.80,10,0.01,75,25,13068019.00,11869029.08
0.60,10,0.01,75,25,13046931.00,11958874.12
1.00,10,0.05,75,25,13080798.00,12005618.16
0.80,10,0.05,75,25,13213768.00,11934318.16
0.60,10,0.05,75,25,13475452.00,12187073.20
1.00,10,0.10,75,25,13379161.00,12308828.12
0.80,10,0.10,75,25,13051013.00,11395218.04
0.60,10,0.10,75,25,13145655.00,11693960.44
1.00,0,0.01,100,25,13216072.00,11412226.08
0.80,0,0.01,100,25,13209482.00,10485429.48
0.60,0,0.01,100,25,12837851.00,8510667.36
1.00,0,0.05,100,25,13046324.00,12452175.04
0.80,0,0.05,100,25,13297686.00,10641679.84
0.60,0,0.05,100,25,12878822.00,7557833.92
1.00,0,0.10,100,25,12677121.00,7371617.12
0.80,0,0.10,100,25,12489496.00,7034913.76
0.60,0,0.10,100,25,12019331.00,6571300.08
1.00,2,0.01,100,25,13236296.00,12045351.44
0.80,2,0.01,100,25,13132882.00,11056443.16
0.60,2,0.01,100,25,13308680.00,10583242.04
1.00,2,0.05,100,25,13194869.00,13176240.12
0.80,2,0.05,100,25,13293741.00,9685533.20
0.60,2,0.05,100,25,13213937.00,12245548.00
1.00,2,0.10,100,25,13203029.00,9547972.44
0.80,2,0.10,100,25,13348229.00,9363002.92
0.60,2,0.10,100,25,13280575.00,7318685.84
1.00,2,0.01,100,25,13257595.00,13143392.40
0.80,2,0.01,100,25,13205779.00,10755613.60
0.60,2,0.01,100,25,13218568.00,11402612.96
1.00,2,0.05,100,25,13155973.00,13086044.60
0.80,2,0.05,100,25,13366436.00,11551682.28
0.60,2,0.05,100,25,13173257.00,8883575.88
1.00,2,0.10,100,25,13209918.00,11060273.84
0.80,2,0.10,100,25,13331080.00,10809714.92
0.60,2,0.10,100,25,13282059.00,7986220.24
1.00,6,0.01,100,25,13164694.00,12407863.44
0.80,6,0.01,100,25,13318852.00,12008399.64
0.60,6,0.01,100,25,13173491.00,13173491.00
1.00,6,0.05,100,25,13298702.00,11661856.00
0.80,6,0.05,100,25,13141430.00,12031261.04
0.60,6,0.05,100,25,13170454.00,11063181.36
1.00,6,0.10,100,25,13211723.00,11596317.04
0.80,6,0.10,100,25,13311687.00,10695723.40
0.60,6,0.10,100,25,13239486.00,12127269.04
1.00,10,0.01,100,25,13293097.00,11849689.48
0.80,10,0.01,100,25,13180641.00,12126189.72
0.60,10,0.01,100,25,13323874.00,12257964.08
1.00,10,0.05,100,25,13131418.00,12606161.28
0.80,10,0.05,100,25,13227462.00,12286907.88
0.60,10,0.05,100,25,13188333.00,12609805.80
1.00,10,0.10,100,25,13290946.00,11046628.80
0.80,10,0.10,100,25,13317787.00,12738824.68
0.60,10,0.10,100,25,13227033.00,11610559.84
1.00,0,0.01,200,25,12801404.00,12140301.72
0.80,0,0.01,200,25,13276212.00,12745163.52
0.60,0,0.01,200,25,13146929.00,11474930.68
1.00,0,0.05,200,25,12079201.00,8131281.24
0.80,0,0.05,200,25,12951100.00,8422552.04
0.60,0,0.05,200,25,12752105.00,7412581.28
1.00,0,0.10,200,25,13079406.00,7209213.20
0.80,0,0.10,200,25,12899934.00,8177186.48
0.60,0,0.10,200,25,12960264.00,7093262.08
1.00,2,0.01,200,25,13359868.00,10983215.12
0.80,2,0.01,200,25,13204335.00,10160981.56
0.60,2,0.01,200,25,13340707.00,11113845.88
1.00,2,0.05,200,25,13399767.00,11809575.84
0.80,2,0.05,200,25,13424994.00,7398561.12
0.60,2,0.05,200,25,13286297.00,13036474.72
1.00,2,0.10,200,25,13353672.00,11325122.64
0.80,2,0.10,200,25,13404400.00,11757288.28
0.60,2,0.10,200,25,13331317.00,7560255.16
1.00,2,0.01,200,25,13318746.00,11065794.92
0.80,2,0.01,200,25,13410336.00,11915301.84
0.60,2,0.01,200,25,13338441.00,11875064.04
1.00,2,0.05,200,25,13301037.00,11528701.88
0.80,2,0.05,200,25,13242980.00,12514763.24
0.60,2,0.05,200,25,13215081.00,12505701.92
1.00,2,0.10,200,25,13382652.00,10595554.36
0.80,2,0.10,200,25,13384464.00,10316753.72
0.60,2,0.10,200,25,13309393.00,7401297.44
1.00,6,0.01,200,25,13334309.00,13232903.80
0.80,6,0.01,200,25,13063866.00,11740036.08
0.60,6,0.01,200,25,13228926.00,12037477.28
1.00,6,0.05,200,25,13119013.00,12514917.00
0.80,6,0.05,200,25,13112424.00,11657263.04
0.60,6,0.05,200,25,13505878.00,11970944.52
1.00,6,0.10,200,25,13164588.00,11897215.12
0.80,6,0.10,200,25,13261932.00,12682999.32
0.60,6,0.10,200,25,13517399.00,10566427.68
1.00,10,0.01,200,25,13167635.00,12573844.04
0.80,10,0.01,200,25,13170487.00,12643667.52
0.60,10,0.01,200,25,13267336.00,13245890.00
1.00,10,0.05,200,25,13240865.00,12711230.40
0.80,10,0.05,200,25,13092006.00,12361230.04
0.60,10,0.05,200,25,13219832.00,12162245.44
1.00,10,0.10,200,25,13249332.00,12642326.40
0.80,10,0.10,200,25,13309114.00,12198302.68
0.60,10,0.10,200,25,13312230.00,10516918.16
1.00,0,0.01,25,50,12942009.00,11005084.90
0.80,0,0.01,25,50,13169037.00,8800622.74
0.60,0,0.01,25,50,13183683.00,8797811.36
1.00,0,0.05,25,50,13128628.00,8660408.30
0.80,0,0.05,25,50,13218538.00,10000629.98
0.60,0,0.05,25,50,12784149.00,8864880.34
1.00,0,0.10,25,50,13020604.00,6727329.64
0.80,0,0.10,25,50,13141496.00,8666976.74
0.60,0,0.10,25,50,12920964.00,9468237.68
1.00,2,0.01,25,50,13280163.00,12969008.02
0.80,2,0.01,25,50,13267406.00,12686304.48
0.60,2,0.01,25,50,13179770.00,12185279.16
1.00,2,0.05,25,50,13185637.00,10203179.56
0.80,2,0.05,25,50,13224685.00,12574958.62
0.60,2,0.05,25,50,13259890.00,10064138.48
1.00,2,0.10,25,50,13240641.00,10367572.96
0.80,2,0.10,25,50,13359710.00,10652018.36
0.60,2,0.10,25,50,13135361.00,8841739.44
1.00,2,0.01,25,50,13250069.00,8847166.62
0.80,2,0.01,25,50,13350969.00,11864891.38
0.60,2,0.01,25,50,13165065.00,9438387.22
1.00,2,0.05,25,50,13215558.00,11956390.26
0.80,2,0.05,25,50,13183152.00,11286602.38
0.60,2,0.05,25,50,13432502.00,9875207.34
1.00,2,0.10,25,50,13381334.00,9061108.42
0.80,2,0.10,25,50,13214411.00,9249236.64
0.60,2,0.10,25,50,13330883.00,11207209.36
1.00,6,0.01,25,50,12993985.00,12980423.84
0.80,6,0.01,25,50,13302637.00,11935881.00
0.60,6,0.01,25,50,13195834.00,11647446.56
1.00,6,0.05,25,50,13038361.00,12097307.26
0.80,6,0.05,25,50,13200286.00,11294345.26
0.60,6,0.05,25,50,13118804.00,9673538.68
1.00,6,0.10,25,50,13193375.00,11258001.66
0.80,6,0.10,25,50,13176574.00,9106980.10
0.60,6,0.10,25,50,13148495.00,11726319.90
1.00,10,0.01,25,50,13306840.00,12512596.22
0.80,10,0.01,25,50,13351508.00,13076939.16
0.60,10,0.01,25,50,13183318.00,12272510.34
1.00,10,0.05,25,50,13252140.00,12403916.34
0.80,10,0.05,25,50,13142186.00,12827854.72
0.60,10,0.05,25,50,13095630.00,10752007.40
1.00,10,0.10,25,50,13012192.00,9733490.58
0.80,10,0.10,25,50,13239222.00,12257134.60
0.60,10,0.10,25,50,13167147.00,11092765.34
1.00,0,0.01,50,50,12951973.00,10988641.00
0.80,0,0.01,50,50,13290806.00,10308760.20
0.60,0,0.01,50,50,13022900.00,11075851.56
1.00,0,0.05,50,50,13136447.00,11792107.66
0.80,0,0.05,50,50,13189693.00,9379906.76
0.60,0,0.05,50,50,13203025.00,10484546.16
1.00,0,0.10,50,50,12954504.00,8708140.60
0.80,0,0.10,50,50,13287335.00,9395080.56
0.60,0,0.10,50,50,13194509.00,6862797.74
1.00,2,0.01,50,50,13124665.00,11470689.92
0.80,2,0.01,50,50,13210139.00,11319160.26
0.60,2,0.01,50,50,13246953.00,11217551.66
1.00,2,0.05,50,50,13143004.00,11481831.44
0.80,2,0.05,50,50,13182410.00,10902496.94
0.60,2,0.05,50,50,13283477.00,8652709.26
1.00,2,0.10,50,50,13210902.00,9727385.06
0.80,2,0.10,50,50,13391325.00,11132694.82
0.60,2,0.10,50,50,13360312.00,8502390.04
1.00,2,0.01,50,50,13264578.00,12164188.06
0.80,2,0.01,50,50,13217631.00,12493124.18
0.60,2,0.01,50,50,13178668.00,11816688.10
1.00,2,0.05,50,50,13270623.00,11049234.54
0.80,2,0.05,50,50,13255888.00,9075878.82
0.60,2,0.05,50,50,13348944.00,10739018.96
1.00,2,0.10,50,50,13340633.00,8869404.52
0.80,2,0.10,50,50,13409079.00,11008527.82
0.60,2,0.10,50,50,13255964.00,8100801.30
1.00,6,0.01,50,50,13090518.00,11506973.44
0.80,6,0.01,50,50,13136839.00,12012925.54
0.60,6,0.01,50,50,13162228.00,12028417.40
1.00,6,0.05,50,50,13337320.00,12113119.42
0.80,6,0.05,50,50,13152526.00,11315386.70
0.60,6,0.05,50,50,13366436.00,11270147.82
1.00,6,0.10,50,50,13390551.00,11350133.48
0.80,6,0.10,50,50,13304171.00,9551737.76
0.60,6,0.10,50,50,13332881.00,11751459.92
1.00,10,0.01,50,50,13388144.00,13222687.70
0.80,10,0.01,50,50,13193710.00,12071608.32
0.60,10,0.01,50,50,13199720.00,12349285.10
1.00,10,0.05,50,50,13207799.00,12943226.38
0.80,10,0.05,50,50,13295392.00,10937649.70
0.60,10,0.05,50,50,13306670.00,11641709.44
1.00,10,0.10,50,50,13228674.00,11574336.10
0.80,10,0.10,50,50,13209201.00,10081993.60
0.60,10,0.10,50,50,13420583.00,11113646.32
1.00,0,0.01,75,50,13106552.00,10054640.00
0.80,0,0.01,75,50,13256896.00,11501120.62
0.60,0,0.01,75,50,13063966.00,8209454.78
1.00,0,0.05,75,50,13043604.00,10971186.60
0.80,0,0.05,75,50,13017833.00,8839762.80
0.60,0,0.05,75,50,13071746.00,8377797.20
1.00,0,0.10,75,50,12732041.00,9261235.80
0.80,0,0.10,75,50,12877672.00,8288352.74
0.60,0,0.10,75,50,12929209.00,8983846.92
1.00,2,0.01,75,50,13314931.00,12823011.28
0.80,2,0.01,75,50,13306549.00,11508808.10
0.60,2,0.01,75,50,13394770.00,10446407.44
1.00,2,0.05,75,50,13346673.00,11475915.66
0.80,2,0.05,75,50,13178190.00,12066240.30
0.60,2,0.05,75,50,13056622.00,9754754.46
1.00,2,0.10,75,50,13390040.00,11343115.24
0.80,2,0.10,75,50,13312643.00,10131973.88
0.60,2,0.10,75,50,13338441.00,9601864.94
1.00,2,0.01,75,50,13110495.00,12646296.16
0.80,2,0.01,75,50,13321092.00,11657264.54
0.60,2,0.01,75,50,13393489.00,10524514.50
1.00,2,0.05,75,50,13336826.00,12386175.92
0.80,2,0.05,75,50,13214900.00,11032030.80
0.60,2,0.05,75,50,13352520.00,8975247.08
1.00,2,0.10,75,50,13378310.00,9817973.14
0.80,2,0.10,75,50,13255845.00,10209327.88
0.60,2,0.10,75,50,13293703.00,6938873.56
1.00,6,0.01,75,50,13324950.00,10028183.74
0.80,6,0.01,75,50,13290562.00,12259447.88
0.60,6,0.01,75,50,13114430.00,11009276.00
1.00,6,0.05,75,50,13169457.00,11649463.08
0.80,6,0.05,75,50,13196058.00,11187549.16
0.60,6,0.05,75,50,13312731.00,11092770.24
1.00,6,0.10,75,50,13224257.00,11526384.46
0.80,6,0.10,75,50,13326373.00,10948004.98
0.60,6,0.10,75,50,13195402.00,10876907.50
1.00,10,0.01,75,50,13216595.00,11508666.12
0.80,10,0.01,75,50,13283811.00,12456085.16
0.60,10,0.01,75,50,13252167.00,12426360.00
1.00,10,0.05,75,50,13269476.00,11900080.60
0.80,10,0.05,75,50,13251047.00,11427301.18
0.60,10,0.05,75,50,13317564.00,11679035.02
1.00,10,0.10,75,50,13418384.00,11810238.32
0.80,10,0.10,75,50,13404547.00,11768812.74
0.60,10,0.10,75,50,13111610.00,10818243.90
1.00,0,0.01,100,50,13047772.00,9862465.10
0.80,0,0.01,100,50,13037073.00,9146953.24
0.60,0,0.01,100,50,12995831.00,10777423.60
1.00,0,0.05,100,50,13144940.00,11642013.78
0.80,0,0.05,100,50,13156273.00,8261467.44
0.60,0,0.05,100,50,13155927.00,8857003.34
1.00,0,0.10,100,50,13039530.00,8236578.16
0.80,0,0.10,100,50,12988262.00,7704163.74
0.60,0,0.10,100,50,12920767.00,7498910.70
1.00,2,0.01,100,50,13371691.00,12973088.42
0.80,2,0.01,100,50,13307952.00,11062615.10
0.60,2,0.01,100,50,13323066.00,12011822.06
1.00,2,0.05,100,50,13390551.00,10983706.84
0.80,2,0.05,100,50,13343967.00,11896773.12
0.60,2,0.05,100,50,13509264.00,9398686.80
1.00,2,0.10,100,50,13389014.00,11022551.34
0.80,2,0.10,100,50,13340623.00,11145137.82
0.60,2,0.10,100,50,13270708.00,7349938.08
1.00,2,0.01,100,50,13252911.00,11103822.14
0.80,2,0.01,100,50,13270504.00,11303550.94
0.60,2,0.01,100,50,13234095.00,11956990.28
1.00,2,0.05,100,50,13368288.00,11370372.54
0.80,2,0.05,100,50,13246781.00,11657623.64
0.60,2,0.05,100,50,13335373.00,11190823.64
1.00,2,0.10,100,50,13458701.00,9011025.72
0.80,2,0.10,100,50,13374699.00,11510176.02
0.60,2,0.10,100,50,13494864.00,7719864.52
1.00,6,0.01,100,50,13285817.00,12164193.78
0.80,6,0.01,100,50,13327074.00,12770701.90
0.60,6,0.01,100,50,13235076.00,10570439.02
1.00,6,0.05,100,50,13308281.00,12730307.28
0.80,6,0.05,100,50,13188702.00,10996277.12
0.60,6,0.05,100,50,13181598.00,11049830.80
1.00,6,0.10,100,50,13430762.00,11513989.18
0.80,6,0.10,100,50,13339543.00,11512016.96
0.60,6,0.10,100,50,13319593.00,9756818.18
1.00,10,0.01,100,50,13329121.00,13062538.58
0.80,10,0.01,100,50,13230790.00,12370503.60
0.60,10,0.01,100,50,13346673.00,11351497.78
1.00,10,0.05,100,50,13346016.00,12880368.70
0.80,10,0.05,100,50,13228294.00,11466771.94
0.60,10,0.05,100,50,13250939.00,11341559.38
1.00,10,0.10,100,50,13294953.00,11685307.72
0.80,10,0.10,100,50,13425442.00,10671172.54
0.60,10,0.10,100,50,13217628.00,10013535.58
1.00,0,0.01,200,50,12910707.00,12547490.90
0.80,0,0.01,200,50,13063902.00,11757511.80
0.60,0,0.01,200,50,13193995.00,8080272.70
1.00,0,0.05,200,50,13282435.00,11870406.66
0.80,0,0.05,200,50,13169213.00,7864263.26
0.60,0,0.05,200,50,13183472.00,8209010.46
1.00,0,0.10,200,50,13317728.00,9895867.10
0.80,0,0.10,200,50,12858595.00,8976393.74
0.60,0,0.10,200,50,12695746.00,7905171.48
1.00,2,0.01,200,50,13266764.00,10854032.10
0.80,2,0.01,200,50,13267655.00,12497849.62
0.60,2,0.01,200,50,13279628.00,11523362.38
1.00,2,0.05,200,50,13390342.00,12465914.30
0.80,2,0.05,200,50,13341609.00,11114438.38
0.60,2,0.05,200,50,13317156.00,12480171.36
1.00,2,0.10,200,50,13378057.00,9623516.12
0.80,2,0.10,200,50,13400932.00,10946926.92
0.60,2,0.10,200,50,13348944.00,9043598.44
1.00,2,0.01,200,50,13252542.00,12595630.84
0.80,2,0.01,200,50,13257429.00,11959208.06
0.60,2,0.01,200,50,13384464.00,11673771.66
1.00,2,0.05,200,50,13501943.00,11420047.72
0.80,2,0.05,200,50,13306694.00,8504991.84
0.60,2,0.05,200,50,13354834.00,9956584.52
1.00,2,0.10,200,50,13324479.00,10079410.36
0.80,2,0.10,200,50,13332370.00,9143274.24
0.60,2,0.10,200,50,13377972.00,9277468.62
1.00,6,0.01,200,50,13452724.00,12607869.28
0.80,6,0.01,200,50,13379161.00,11096030.50
0.60,6,0.01,200,50,13282507.00,12205929.56
1.00,6,0.05,200,50,13405640.00,11719093.24
0.80,6,0.05,200,50,13347262.00,11706925.70
0.60,6,0.05,200,50,13386042.00,11762263.14
1.00,6,0.10,200,50,13331008.00,11692189.42
0.80,6,0.10,200,50,13390627.00,10717117.58
0.60,6,0.10,200,50,13497192.00,11147809.68
1.00,10,0.01,200,50,13355379.00,11745371.30
0.80,10,0.01,200,50,13279189.00,12390929.92
0.60,10,0.01,200,50,13346539.00,12627595.60
1.00,10,0.05,200,50,13417644.00,11986354.70
0.80,10,0.05,200,50,13214374.00,12524505.42
0.60,10,0.05,200,50,13223721.00,11552619.90
1.00,10,0.10,200,50,13275487.00,11587639.70
0.80,10,0.10,200,50,13215645.00,11021806.40
0.60,10,0.10,200,50,13363842.00,10087435.06
1.00,0,0.01,25,75,13331402.00,8963983.23
0.80,0,0.01,25,75,13115778.00,8251392.69
0.60,0,0.01,25,75,13048625.00,8956936.28
1.00,0,0.05,25,75,13422654.00,11140202.81
0.80,0,0.05,25,75,13342408.00,9843048.24
0.60,0,0.05,25,75,13356451.00,10497266.60
1.00,0,0.10,25,75,13115196.00,8144314.08
0.80,0,0.10,25,75,12559485.00,8660596.67
0.60,0,0.10,25,75,12929368.00,7348284.53
1.00,2,0.01,25,75,13427006.00,10228585.81
0.80,2,0.01,25,75,13264770.00,10200476.17
0.60,2,0.01,25,75,13365852.00,9734115.59
1.00,2,0.05,25,75,13424518.00,10746034.37
0.80,2,0.05,25,75,13210560.00,9441853.44
0.60,2,0.05,25,75,13428915.00,8128323.67
1.00,2,0.10,25,75,13361183.00,9108141.24
0.80,2,0.10,25,75,13389244.00,9612945.96
0.60,2,0.10,25,75,13310972.00,8178307.41
1.00,2,0.01,25,75,13329774.00,12764911.95
0.80,2,0.01,25,75,13174144.00,11257190.57
0.60,2,0.01,25,75,13267000.00,10936872.07
1.00,2,0.05,25,75,13180107.00,9427483.05
0.80,2,0.05,25,75,13363667.00,9407636.29
0.60,2,0.05,25,75,13153016.00,7564346.04
1.00,2,0.10,25,75,13352839.00,11187337.72
0.80,2,0.10,25,75,13141257.00,9743162.13
0.60,2,0.10,25,75,13164161.00,8373737.71
1.00,6,0.01,25,75,13327833.00,12177080.88
0.80,6,0.01,25,75,13384431.00,13337872.57
0.60,6,0.01,25,75,13198990.00,11699160.11
1.00,6,0.05,25,75,13323298.00,11582146.61
0.80,6,0.05,25,75,13305959.00,10757861.96
0.60,6,0.05,25,75,13226871.00,12187730.67
1.00,6,0.10,25,75,13413521.00,10486803.72
0.80,6,0.10,25,75,13244916.00,9612691.85
0.60,6,0.10,25,75,13375684.00,9810562.91
1.00,10,0.01,25,75,13282001.00,11776649.88
0.80,10,0.01,25,75,13281694.00,12974753.55
0.60,10,0.01,25,75,13124981.00,11584606.07
1.00,10,0.05,25,75,13303535.00,12469851.89
0.80,10,0.05,25,75,13352902.00,10956362.05
0.60,10,0.05,25,75,13436707.00,12671411.61
1.00,10,0.10,25,75,13432578.00,11929079.51
0.80,10,0.10,25,75,13145206.00,11019368.59
0.60,10,0.10,25,75,13102800.00,10379247.29
1.00,0,0.01,50,75,13168647.00,11649081.27
0.80,0,0.01,50,75,12744711.00,8121123.44
0.60,0,0.01,50,75,13117699.00,7795616.89
1.00,0,0.05,50,75,12883998.00,8998124.93
0.80,0,0.05,50,75,13033055.00,8819227.39
0.60,0,0.05,50,75,13098786.00,8354535.81
1.00,0,0.10,50,75,13111650.00,8096964.43
0.80,0,0.10,50,75,13097662.00,8680593.08
0.60,0,0.10,50,75,12945423.00,6937730.97
1.00,2,0.01,50,75,13429766.00,12441718.17
0.80,2,0.01,50,75,13311514.00,12940241.87
0.60,2,0.01,50,75,13461329.00,13221535.12
1.00,2,0.05,50,75,13524340.00,11362151.72
0.80,2,0.05,50,75,13501943.00,11824101.55
0.60,2,0.05,50,75,13266258.00,10427382.83
1.00,2,0.10,50,75,13281695.00,8026310.04
0.80,2,0.10,50,75,13402060.00,8786350.72
0.60,2,0.10,50,75,13306067.00,7375263.85
1.00,2,0.01,50,75,13293390.00,11389336.59
0.80,2,0.01,50,75,13549094.00,9451775.15
0.60,2,0.01,50,75,13350599.00,11418522.40
1.00,2,0.05,50,75,13470953.00,11580220.63
0.80,2,0.05,50,75,13345592.00,11252796.32
0.60,2,0.05,50,75,13466762.00,8566579.32
1.00,2,0.10,50,75,13496748.00,13136053.87
0.80,2,0.10,50,75,13458701.00,9738701.57
0.60,2,0.10,50,75,13304133.00,8746974.61
1.00,6,0.01,50,75,13190845.00,12694702.53
0.80,6,0.01,50,75,13225826.00,12564092.97
0.60,6,0.01,50,75,13273272.00,9747602.92
1.00,6,0.05,50,75,13328271.00,13096419.45
0.80,6,0.05,50,75,13247188.00,12297041.16
0.60,6,0.05,50,75,13047993.00,10932773.79
1.00,6,0.10,50,75,13369905.00,11404878.83
0.80,6,0.10,50,75,13359831.00,11014621.59
0.60,6,0.10,50,75,13276251.00,8902890.55
1.00,10,0.01,50,75,13521334.00,12427899.21
0.80,10,0.01,50,75,13328603.00,12470305.17
0.60,10,0.01,50,75,13330238.00,10716642.04
1.00,10,0.05,50,75,13169262.00,11690209.29
0.80,10,0.05,50,75,13341227.00,12724521.53
0.60,10,0.05,50,75,13114869.00,11376213.60
1.00,10,0.10,50,75,13454349.00,11742815.15
0.80,10,0.10,50,75,13196933.00,11437870.87
0.60,10,0.10,50,75,13295626.00,8661186.57
1.00,0,0.01,75,75,13271471.00,11972998.97
0.80,0,0.01,75,75,13006630.00,11807880.15
0.60,0,0.01,75,75,12914145.00,9205931.59
1.00,0,0.05,75,75,13124250.00,8875009.92
0.80,0,0.05,75,75,13157964.00,8764234.73
0.60,0,0.05,75,75,13249348.00,7484459.87
1.00,0,0.10,75,75,12758894.00,7456792.52
0.80,0,0.10,75,75,12973722.00,8106713.59
0.60,0,0.10,75,75,13174618.00,7634881.19
1.00,2,0.01,75,75,13324318.00,11438229.63
0.80,2,0.01,75,75,13429598.00,12729494.40
0.60,2,0.01,75,75,13220947.00,11014227.17
1.00,2,0.05,75,75,13461293.00,12147289.41
0.80,2,0.05,75,75,13487268.00,10293295.01
0.60,2,0.05,75,75,13461188.00,8429828.39
1.00,2,0.10,75,75,13351182.00,8523519.01
0.80,2,0.10,75,75,13518963.00,8083676.97
0.60,2,0.10,75,75,13381568.00,8649987.73
1.00,2,0.01,75,75,13295979.00,10666668.17
0.80,2,0.01,75,75,13285713.00,12761883.27
0.60,2,0.01,75,75,13212558.00,12988884.64
1.00,2,0.05,75,75,13434023.00,12055027.16
0.80,2,0.05,75,75,13338955.00,10135404.36
0.60,2,0.05,75,75,13433089.00,8091203.20
1.00,2,0.10,75,75,13456463.00,11233519.87
0.80,2,0.10,75,75,13473744.00,8189147.29
0.60,2,0.10,75,75,13485108.00,8179030.83
1.00,6,0.01,75,75,13456463.00,12057191.03
0.80,6,0.01,75,75,13252374.00,11898103.64
0.60,6,0.01,75,75,13290346.00,11252388.68
1.00,6,0.05,75,75,13432578.00,11105025.28
0.80,6,0.05,75,75,13231009.00,10956181.16
0.60,6,0.05,75,75,13232411.00,12169464.64
1.00,6,0.10,75,75,13214905.00,11673316.29
0.80,6,0.10,75,75,13353852.00,10120664.29
0.60,6,0.10,75,75,13317826.00,9474394.93
1.00,10,0.01,75,75,13424768.00,12961999.28
0.80,10,0.01,75,75,13340951.00,12195193.24
0.60,10,0.01,75,75,13297299.00,11504790.01
1.00,10,0.05,75,75,13233517.00,13005645.48
0.80,10,0.05,75,75,13379713.00,10344054.28
0.60,10,0.05,75,75,13397664.00,10439776.04
1.00,10,0.10,75,75,13383789.00,12037062.09
0.80,10,0.10,75,75,13294191.00,10893573.28
0.60,10,0.10,75,75,13219899.00,9328358.45
1.00,0,0.01,100,75,13425343.00,12525901.57
0.80,0,0.01,100,75,13226824.00,11805365.25
0.60,0,0.01,100,75,12936651.00,7007104.19
1.00,0,0.05,100,75,13071263.00,10927341.31
0.80,0,0.05,100,75,12810671.00,8412623.27
0.60,0,0.05,100,75,12852800.00,7877134.77
1.00,0,0.10,100,75,13114333.00,8167554.47
0.80,0,0.10,100,75,12798463.00,8122909.60
0.60,0,0.10,100,75,13122874.00,6954700.07
1.00,2,0.01,100,75,13359869.00,12126314.00
0.80,2,0.01,100,75,13315819.00,11563549.32
0.60,2,0.01,100,75,13389085.00,8371449.19
1.00,2,0.05,100,75,13340615.00,12055718.04
0.80,2,0.05,100,75,13413543.00,9683082.32
0.60,2,0.05,100,75,13359243.00,9861856.64
1.00,2,0.10,100,75,13390107.00,12080754.48
0.80,2,0.10,100,75,13305902.00,8275958.59
0.60,2,0.10,100,75,13379182.00,7785221.77
1.00,2,0.01,100,75,13409079.00,12268337.68
0.80,2,0.01,100,75,13398477.00,11637163.47
0.60,2,0.01,100,75,13433629.00,9464178.80
1.00,2,0.05,100,75,13482886.00,12008279.96
0.80,2,0.05,100,75,13426950.00,12676722.17
0.60,2,0.05,100,75,13361929.00,9067571.03
1.00,2,0.10,100,75,13403303.00,8899444.32
0.80,2,0.10,100,75,13364243.00,9900271.25
0.60,2,0.10,100,75,13456720.00,7554156.33
1.00,6,0.01,100,75,13248511.00,12461171.05
0.80,6,0.01,100,75,13243781.00,13243781.00
0.60,6,0.01,100,75,13370064.00,12273539.87
1.00,6,0.05,100,75,13340707.00,11467683.93
0.80,6,0.05,100,75,13314113.00,11961223.80
0.60,6,0.05,100,75,13373945.00,10772759.96
1.00,6,0.10,100,75,13312019.00,10984177.92
0.80,6,0.10,100,75,13353695.00,11267630.37
0.60,6,0.10,100,75,13319865.00,8071998.13
1.00,10,0.01,100,75,13351182.00,12909350.69
0.80,10,0.01,100,75,13231324.00,12547012.68
0.60,10,0.01,100,75,13324318.00,11241430.45
1.00,10,0.05,100,75,13287311.00,12380506.11
0.80,10,0.05,100,75,13279866.00,13082150.69
0.60,10,0.05,100,75,13496616.00,10742372.91
1.00,10,0.10,100,75,13319499.00,11482620.19
0.80,10,0.10,100,75,13346186.00,10915557.95
0.60,10,0.10,100,75,13496748.00,10978488.60
1.00,0,0.01,200,75,12994908.00,11309201.88
0.80,0,0.01,200,75,13050934.00,9954013.75
0.60,0,0.01,200,75,13031245.00,10081623.33
1.00,0,0.05,200,75,13198462.00,11622993.60
0.80,0,0.05,200,75,13270876.00,8511497.45
0.60,0,0.05,200,75,12962105.00,7856368.71
1.00,0,0.10,200,75,13020129.00,8100924.49
0.80,0,0.10,200,75,12781543.00,8182030.51
0.60,0,0.10,200,75,12965096.00,8031387.88
1.00,2,0.01,200,75,13397214.00,12177019.81
0.80,2,0.01,200,75,13409608.00,12150467.45
0.60,2,0.01,200,75,13332297.00,11097691.00
1.00,2,0.05,200,75,13364662.00,11670420.48
0.80,2,0.05,200,75,13377970.00,11847338.65
0.60,2,0.05,200,75,13461188.00,10629801.23
1.00,2,0.10,200,75,13458215.00,10995457.23
0.80,2,0.10,200,75,13422115.00,9102683.37
0.60,2,0.10,200,75,13364257.00,8480751.77
1.00,2,0.01,200,75,13252165.00,11369449.67
0.80,2,0.01,200,75,13456659.00,12185410.91
0.60,2,0.01,200,75,13428689.00,10872878.97
1.00,2,0.05,200,75,13420065.00,12532865.08
0.80,2,0.05,200,75,13461188.00,11906214.83
0.60,2,0.05,200,75,13491239.00,10252767.43
1.00,2,0.10,200,75,13515028.00,9874368.92
0.80,2,0.10,200,75,13434467.00,9689511.79
0.60,2,0.10,200,75,13453154.00,8581927.07
1.00,6,0.01,200,75,13372819.00,12356756.11
0.80,6,0.01,200,75,13420547.00,11693858.91
0.60,6,0.01,200,75,13394770.00,12032394.69
1.00,6,0.05,200,75,13295556.00,11947774.84
0.80,6,0.05,200,75,13413375.00,12610795.87
0.60,6,0.05,200,75,13406857.00,11736857.13
1.00,6,0.10,200,75,13375411.00,10938327.71
0.80,6,0.10,200,75,13356857.00,10501678.99
0.60,6,0.10,200,75,13458215.00,8977473.57
1.00,10,0.01,200,75,13431877.00,13431877.00
0.80,10,0.01,200,75,13352912.00,11969085.57
0.60,10,0.01,200,75,13415324.00,11547495.09
1.00,10,0.05,200,75,13406599.00,12053920.48
0.80,10,0.05,200,75,13402758.00,12419217.64
0.60,10,0.05,200,75,13330883.00,10749449.49
1.00,10,0.10,200,75,13434023.00,10917843.67
0.80,10,0.10,200,75,13311584.00,10562884.68
0.60,10,0.10,200,75,13419904.00,10434564.09
1.00,0,0.01,25,100,13102833.00,8969810.65
0.80,0,0.01,25,100,13107214.00,8824030.13
0.60,0,0.01,25,100,12987991.00,8267617.28
1.00,0,0.05,25,100,13161823.00,9199903.69
0.80,0,0.05,25,100,13144927.00,7348029.63
0.60,0,0.05,25,100,13060046.00,8417979.77
1.00,0,0.10,25,100,13165039.00,8811147.30
0.80,0,0.10,25,100,13063217.00,8504475.47
0.60,0,0.10,25,100,12932318.00,8888751.69
1.00,2,0.01,25,100,13367252.00,10211125.09
0.80,2,0.01,25,100,13278505.00,10726494.44
0.60,2,0.01,25,100,13284299.00,7886153.94
1.00,2,0.05,25,100,13431373.00,10511204.78
0.80,2,0.05,25,100,13392823.00,8571822.36
0.60,2,0.05,25,100,13402060.00,7924253.73
1.00,2,0.10,25,100,13413390.00,8105865.46
0.80,2,0.10,25,100,13339317.00,8093068.63
0.60,2,0.10,25,100,13282303.00,9082517.63
1.00,2,0.01,25,100,13170401.00,11590881.33
0.80,2,0.01,25,100,13416126.00,11088298.42
0.60,2,0.01,25,100,13046395.00,9338305.84
1.00,2,0.05,25,100,13445720.00,10598592.34
0.80,2,0.05,25,100,13206995.00,10653878.32
0.60,2,0.05,25,100,13402705.00,9225374.29
1.00,2,0.10,25,100,13340412.00,8206825.22
0.80,2,0.10,25,100,13330031.00,9285165.16
0.60,2,0.10,25,100,13345343.00,8204013.62
1.00,6,0.01,25,100,13230730.00,13060730.27
0.80,6,0.01,25,100,13275220.00,13132610.99
0.60,6,0.01,25,100,13352150.00,9757377.15
1.00,6,0.05,25,100,13214905.00,11780072.98
0.80,6,0.05,25,100,13444584.00,11578859.23
0.60,6,0.05,25,100,13345772.00,9414434.84
1.00,6,0.10,25,100,13331654.00,11740717.51
0.80,6,0.10,25,100,13197392.00,8234342.84
0.60,6,0.10,25,100,13239836.00,8248390.12
1.00,10,0.01,25,100,13380596.00,11094848.23
0.80,10,0.01,25,100,13279060.00,10301701.44
0.60,10,0.01,25,100,13271346.00,8229754.50
1.00,10,0.05,25,100,13403702.00,12622327.48
0.80,10,0.05,25,100,13412191.00,11814372.51
0.60,10,0.05,25,100,13397214.00,10562847.60
1.00,10,0.10,25,100,13394199.00,9596060.84
0.80,10,0.10,25,100,13362504.00,8015577.93
0.60,10,0.10,25,100,13272656.00,8636928.20
1.00,0,0.01,50,100,13277868.00,11664974.33
0.80,0,0.01,50,100,13458871.00,10316062.21
0.60,0,0.01,50,100,12931327.00,7354770.63
1.00,0,0.05,50,100,13273269.00,9085994.22
0.80,0,0.05,50,100,13142428.00,8231901.47
0.60,0,0.05,50,100,12956306.00,8285244.15
1.00,0,0.10,50,100,13206374.00,8446770.71
0.80,0,0.10,50,100,12952118.00,6729939.38
0.60,0,0.10,50,100,13282440.00,7104020.93
1.00,2,0.01,50,100,13413375.00,11873564.23
0.80,2,0.01,50,100,13303594.00,11222836.40
0.60,2,0.01,50,100,13271343.00,9524781.92
1.00,2,0.05,50,100,13371749.00,12820684.28
0.80,2,0.05,50,100,13443084.00,8277317.44
0.60,2,0.05,50,100,13349205.00,8482653.29
1.00,2,0.10,50,100,13298949.00,10979549.20
0.80,2,0.10,50,100,13410592.00,8990854.68
0.60,2,0.10,50,100,13319054.00,7251142.74
1.00,2,0.01,50,100,13348267.00,12524304.09
0.80,2,0.01,50,100,13439522.00,10512866.21
0.60,2,0.01,50,100,13387616.00,12362782.64
1.00,2,0.05,50,100,13447240.00,9946536.39
0.80,2,0.05,50,100,13402556.00,11643893.14
0.60,2,0.05,50,100,13373791.00,8717646.12
1.00,2,0.10,50,100,13420547.00,10156762.41
0.80,2,0.10,50,100,13482886.00,11184978.94
0.60,2,0.10,50,100,13335857.00,7269813.82
1.00,6,0.01,50,100,13271199.00,12089509.25
0.80,6,0.01,50,100,13422115.00,12376530.78
0.60,6,0.01,50,100,13238635.00,11634009.26
1.00,6,0.05,50,100,13194846.00,11081219.12
0.80,6,0.05,50,100,13295307.00,12113003.75
0.60,6,0.05,50,100,13280105.00,11431356.42
1.00,6,0.10,50,100,13473903.00,10982422.46
0.80,6,0.10,50,100,13225003.00,10129976.81
0.60,6,0.10,50,100,13377961.00,8431603.05
1.00,10,0.01,50,100,13456463.00,12243003.20
0.80,10,0.01,50,100,13255237.00,11822677.08
0.60,10,0.01,50,100,13390428.00,12173666.83
1.00,10,0.05,50,100,13413029.00,9117536.04
0.80,10,0.05,50,100,13177017.00,11080765.46
0.60,10,0.05,50,100,13254605.00,11990422.24
1.00,10,0.10,50,100,13477838.00,10968504.48
0.80,10,0.10,50,100,13327925.00,10147927.40
0.60,10,0.10,50,100,13257421.00,9600341.91
1.00,0,0.01,75,100,13317950.00,11261564.26
0.80,0,0.01,75,100,13013738.00,8400983.58
0.60,0,0.01,75,100,13225657.00,7915533.63
1.00,0,0.05,75,100,13425442.00,12120775.29
0.80,0,0.05,75,100,12911767.00,7403024.87
0.60,0,0.05,75,100,13168753.00,9643072.53
1.00,0,0.10,75,100,13126709.00,6888337.37
0.80,0,0.10,75,100,12978033.00,7780808.44
0.60,0,0.10,75,100,12781770.00,7385642.60
1.00,2,0.01,75,100,13496616.00,13479634.59
0.80,2,0.01,75,100,13468533.00,12696013.59
0.60,2,0.01,75,100,13413220.00,11433178.92
1.00,2,0.05,75,100,13496672.00,11365543.78
0.80,2,0.05,75,100,13413446.00,11563621.54
0.60,2,0.05,75,100,13289162.00,9724609.40
1.00,2,0.10,75,100,13518963.00,8596215.55
0.80,2,0.10,75,100,13461293.00,8608830.61
0.60,2,0.10,75,100,13392220.00,7468537.03
1.00,2,0.01,75,100,13298490.00,12255145.95
0.80,2,0.01,75,100,13370309.00,11633177.38
0.60,2,0.01,75,100,13404214.00,10769340.66
1.00,2,0.05,75,100,13386042.00,11335549.82
0.80,2,0.05,75,100,13312095.00,12255302.14
0.60,2,0.05,75,100,13410691.00,10257405.67
1.00,2,0.10,75,100,13336251.00,10695905.65
0.80,2,0.10,75,100,13456659.00,7875269.83
0.60,2,0.10,75,100,13409178.00,7225259.40
1.00,6,0.01,75,100,13212303.00,12183097.13
0.80,6,0.01,75,100,13394199.00,12194128.59
0.60,6,0.01,75,100,13319836.00,12177436.61
1.00,6,0.05,75,100,13456019.00,11982458.56
0.80,6,0.05,75,100,13403513.00,12271612.60
0.60,6,0.05,75,100,13350547.00,11559778.93
1.00,6,0.10,75,100,13339284.00,10922677.14
0.80,6,0.10,75,100,13430762.00,11484386.26
0.60,6,0.10,75,100,13323468.00,8253970.75
1.00,10,0.01,75,100,13494864.00,12498594.92
0.80,10,0.01,75,100,13350640.00,12071982.88
0.60,10,0.01,75,100,13285142.00,12107118.85
1.00,10,0.05,75,100,13340186.00,12045655.06
0.80,10,0.05,75,100,13111584.00,9930722.80
0.60,10,0.05,75,100,13362081.00,11268998.48
1.00,10,0.10,75,100,13342948.00,10505233.30
0.80,10,0.10,75,100,13515028.00,11737864.87
0.60,10,0.10,75,100,13549094.00,12212100.48
1.00,0,0.01,100,100,13033505.00,11437673.66
0.80,0,0.01,100,100,13464598.00,12316388.62
0.60,0,0.01,100,100,12987821.00,9643830.50
1.00,0,0.05,100,100,13110852.00,8820758.41
0.80,0,0.05,100,100,13012705.00,8585127.35
0.60,0,0.05,100,100,13064382.00,8385736.91
1.00,0,0.10,100,100,12971945.00,8490889.02
0.80,0,0.10,100,100,12970333.00,7588458.53
0.60,0,0.10,100,100,13224923.00,6679532.79
1.00,2,0.01,100,100,13374516.00,11811187.34
0.80,2,0.01,100,100,13376615.00,12370051.39
0.60,2,0.01,100,100,13382271.00,9727463.40
1.00,2,0.05,100,100,13418920.00,11640388.32
0.80,2,0.05,100,100,13414527.00,10544894.21
0.60,2,0.05,100,100,13397214.00,8185180.40
1.00,2,0.10,100,100,13368152.00,10612814.94
0.80,2,0.10,100,100,13359250.00,8001462.58
0.60,2,0.10,100,100,13412889.00,7323021.78
1.00,2,0.01,100,100,13286934.00,12055973.88
0.80,2,0.01,100,100,13372328.00,10923071.69
0.60,2,0.01,100,100,13363762.00,11932371.92
1.00,2,0.05,100,100,13461329.00,11819352.73
0.80,2,0.05,100,100,13524340.00,11076083.17
0.60,2,0.05,100,100,13459919.00,8757497.63
1.00,2,0.10,100,100,13460973.00,11306327.05
0.80,2,0.10,100,100,13524340.00,7778215.67
0.60,2,0.10,100,100,13320478.00,6845699.83
1.00,6,0.01,100,100,13351182.00,12081727.40
0.80,6,0.01,100,100,13351515.00,12688757.96
0.60,6,0.01,100,100,13487304.00,12302073.17
1.00,6,0.05,100,100,13340072.00,12488910.88
0.80,6,0.05,100,100,13350547.00,10745373.09
0.60,6,0.05,100,100,13418490.00,8343851.48
1.00,6,0.10,100,100,13405956.00,10580625.09
0.80,6,0.10,100,100,13415213.00,9619106.74
0.60,6,0.10,100,100,13411278.00,8533320.64
1.00,10,0.01,100,100,13341968.00,11827652.32
0.80,10,0.01,100,100,13390428.00,11893241.57
0.60,10,0.01,100,100,13317587.00,12205588.20
1.00,10,0.05,100,100,13298672.00,12154255.74
0.80,10,0.05,100,100,13299041.00,10724610.97
0.60,10,0.05,100,100,13410139.00,11683672.33
1.00,10,0.10,100,100,13473482.00,11379561.18
0.80,10,0.10,100,100,13524340.00,10796658.52
0.60,10,0.10,100,100,13461329.00,9217326.48
1.00,0,0.01,200,100,13322600.00,12616783.17
0.80,0,0.01,200,100,13436838.00,12249721.08
0.60,0,0.01,200,100,12959881.00,8154027.70
1.00,0,0.05,200,100,13297143.00,9044922.60
0.80,0,0.05,200,100,13139201.00,8599830.40
0.60,0,0.05,200,100,12851830.00,7845421.15
1.00,0,0.10,200,100,13248136.00,8160059.59
0.80,0,0.10,200,100,13000588.00,8617102.92
0.60,0,0.10,200,100,12897265.00,8072348.41
1.00,2,0.01,200,100,13491239.00,10518534.81
0.80,2,0.01,200,100,13433220.00,12378582.91
0.60,2,0.01,200,100,13456720.00,11615348.37
1.00,2,0.05,200,100,13414626.00,10957942.39
0.80,2,0.05,200,100,13378310.00,10589670.72
0.60,2,0.05,200,100,13418490.00,9945533.54
1.00,2,0.10,200,100,13517399.00,11553443.59
0.80,2,0.10,200,100,13460973.00,8067018.11
0.60,2,0.10,200,100,13376198.00,7053911.28
1.00,2,0.01,200,100,13418947.00,11866560.88
0.80,2,0.01,200,100,13485108.00,11753614.18
0.60,2,0.01,200,100,13294221.00,11832444.63
1.00,2,0.05,200,100,13386206.00,9697008.32
0.80,2,0.05,200,100,13380560.00,12058346.49
0.60,2,0.05,200,100,13456463.00,8377561.50
1.00,2,0.10,200,100,13462565.00,11039854.79
0.80,2,0.10,200,100,13489043.00,8132011.90
0.60,2,0.10,200,100,13370965.00,7869027.71
1.00,6,0.01,200,100,13473482.00,12640228.08
0.80,6,0.01,200,100,13323298.00,12004751.26
0.60,6,0.01,200,100,13466762.00,12301450.58
1.00,6,0.05,200,100,13400827.00,12158117.00
0.80,6,0.05,200,100,13421675.00,12451555.93
0.60,6,0.05,200,100,13474183.00,11502037.60
1.00,6,0.10,200,100,13413446.00,11226251.05
0.80,6,0.10,200,100,13518963.00,10295860.69
0.60,6,0.10,200,100,13505878.00,9444593.74
1.00,10,0.01,200,100,13362969.00,12399871.37
0.80,10,0.01,200,100,13377517.00,12252603.91
0.60,10,0.01,200,100,13351938.00,11733122.25
1.00,10,0.05,200,100,13425442.00,11853901.20
0.80,10,0.05,200,100,13403528.00,12166942.88
0.60,10,0.05,200,100,13445984.00,10865554.41
1.00,10,0.10,200,100,13408375.00,11069616.58
0.80,10,0.10,200,100,13381781.00,10546516.23
0.60,10,0.10,200,100,13410592.00,10225802.67
1.00,0,0.01,25,200,13136941.00,8967851.47
0.80,0,0.01,25,200,13263077.00,8426329.26
0.60,0,0.01,25,200,13033966.00,8884204.12
1.00,0,0.05,25,200,13199891.00,8380318.43
0.80,0,0.05,25,200,13189652.00,8841644.44
0.60,0,0.05,25,200,12971999.00,7633942.11
1.00,0,0.10,25,200,13141082.00,8184233.85
0.80,0,0.10,25,200,13169195.00,7759909.78
0.60,0,0.10,25,200,13205930.00,7565787.47
1.00,2,0.01,25,200,13349945.00,9876376.98
0.80,2,0.01,25,200,13350173.00,9377904.15
0.60,2,0.01,25,200,13420075.00,8783359.77
1.00,2,0.05,25,200,13466762.00,9256777.47
0.80,2,0.05,25,200,13404547.00,9240757.91
0.60,2,0.05,25,200,13403188.00,8438202.36
1.00,2,0.10,25,200,13406525.00,8451246.25
0.80,2,0.10,25,200,13272771.00,8736475.63
0.60,2,0.10,25,200,13354816.00,8144190.16
1.00,2,0.01,25,200,13453154.00,9048674.87
0.80,2,0.01,25,200,13393489.00,9182017.23
0.60,2,0.01,25,200,13347416.00,8953758.28
1.00,2,0.05,25,200,13434059.00,9384139.68
0.80,2,0.05,25,200,13327591.00,8596223.60
0.60,2,0.05,25,200,13283215.00,8622584.44
1.00,2,0.10,25,200,13475452.00,7696058.75
0.80,2,0.10,25,200,13454349.00,8724728.52
0.60,2,0.10,25,200,13401747.00,8226289.16
1.00,6,0.01,25,200,13419904.00,12496057.26
0.80,6,0.01,25,200,13452724.00,11094619.96
0.60,6,0.01,25,200,13433220.00,8936693.34
1.00,6,0.05,25,200,13338156.00,9965090.38
0.80,6,0.05,25,200,13461329.00,9764210.90
0.60,6,0.05,25,200,13354468.00,9278814.60
1.00,6,0.10,25,200,13373616.00,9331693.45
0.80,6,0.10,25,200,13447240.00,8201506.84
0.60,6,0.10,25,200,13344408.00,8159939.39
1.00,10,0.01,25,200,13412953.00,9643478.17
0.80,10,0.01,25,200,13416074.00,12747256.35
0.60,10,0.01,25,200,13314057.00,9393792.06
1.00,10,0.05,25,200,13400601.00,11257481.22
0.80,10,0.05,25,200,13348601.00,9625554.05
0.60,10,0.05,25,200,13354963.00,8849456.10
1.00,10,0.10,25,200,13518963.00,9030605.79
0.80,10,0.10,25,200,13366436.00,8908797.73
0.60,10,0.10,25,200,13321583.00,8461144.47
1.00,0,0.01,50,200,13290806.00,9630569.81
0.80,0,0.01,50,200,13436838.00,9692897.03
0.60,0,0.01,50,200,13239011.00,8247074.14
1.00,0,0.05,50,200,13224257.00,8283265.23
0.80,0,0.05,50,200,13226313.00,9505852.47
0.60,0,0.05,50,200,13169130.00,7989239.34
1.00,0,0.10,50,200,13343147.00,7587763.94
0.80,0,0.10,50,200,13076052.00,7952968.01
0.60,0,0.10,50,200,12963652.00,7124490.40
1.00,2,0.01,50,200,13518963.00,12378803.79
0.80,2,0.01,50,200,13521334.00,10637881.29
0.60,2,0.01,50,200,13391769.00,8876763.66
1.00,2,0.05,50,200,13422865.00,10770272.34
0.80,2,0.05,50,200,13459475.00,8200870.05
0.60,2,0.05,50,200,13349039.00,9121642.07
1.00,2,0.10,50,200,13475452.00,8585898.63
0.80,2,0.10,50,200,13417381.00,8340779.12
0.60,2,0.10,50,200,13396574.00,8022540.74
1.00,2,0.01,50,200,13473903.00,10284655.02
0.80,2,0.01,50,200,13482886.00,10395601.21
0.60,2,0.01,50,200,13445720.00,8288082.88
1.00,2,0.05,50,200,13497192.00,12241225.55
0.80,2,0.05,50,200,13454352.00,8899766.43
0.60,2,0.05,50,200,13474183.00,8293660.31
1.00,2,0.10,50,200,13515028.00,8888901.39
0.80,2,0.10,50,200,13364687.00,7896193.06
0.60,2,0.10,50,200,13424550.00,7868246.25
1.00,6,0.01,50,200,13494420.00,12169676.29
0.80,6,0.01,50,200,13501943.00,11625330.60
0.60,6,0.01,50,200,13335924.00,11213683.85
1.00,6,0.05,50,200,13359868.00,11831404.72
0.80,6,0.05,50,200,13501943.00,10761521.07
0.60,6,0.05,50,200,13449995.00,8194697.00
1.00,6,0.10,50,200,13549094.00,8935268.78
0.80,6,0.10,50,200,13433569.00,9081341.80
0.60,6,0.10,50,200,13436707.00,9134217.16
1.00,10,0.01,50,200,13452724.00,12649941.49
0.80,10,0.01,50,200,13418920.00,11980125.09
0.60,10,0.01,50,200,13425394.00,10934339.63
1.00,10,0.05,50,200,13482886.00,11565781.81
0.80,10,0.05,50,200,13406969.00,11551380.79
0.60,10,0.05,50,200,13457164.00,10215345.96
1.00,10,0.10,50,200,13524340.00,10447694.10
0.80,10,0.10,50,200,13456720.00,9868941.18
0.60,10,0.10,50,200,13438903.00,7804175.58
1.00,0,0.01,75,200,13167691.00,8887221.47
0.80,0,0.01,75,200,13208133.00,8892402.52
0.60,0,0.01,75,200,13099100.00,8791528.91
1.00,0,0.05,75,200,13277698.00,8659649.71
0.80,0,0.05,75,200,13025654.00,9020908.81
0.60,0,0.05,75,200,13430941.00,7833928.33
1.00,0,0.10,75,200,13208577.00,8476394.04
0.80,0,0.10,75,200,12896539.00,7805656.58
0.60,0,0.10,75,200,13232095.00,8208431.43
1.00,2,0.01,75,200,13505878.00,12122275.56
0.80,2,0.01,75,200,13468374.00,10484308.56
0.60,2,0.01,75,200,13509264.00,8475396.34
1.00,2,0.05,75,200,13467914.00,11971089.47
0.80,2,0.05,75,200,13494864.00,9610401.12
0.60,2,0.05,75,200,13456545.00,7681614.76
1.00,2,0.10,75,200,13524340.00,9227000.20
0.80,2,0.10,75,200,13469034.00,8325650.58
0.60,2,0.10,75,200,13466762.00,7520644.58
1.00,2,0.01,75,200,13491239.00,12600202.43
0.80,2,0.01,75,200,13461886.00,11695715.12
0.60,2,0.01,75,200,13549094.00,10580824.79
1.00,2,0.05,75,200,13475452.00,12158097.85
0.80,2,0.05,75,200,13477838.00,10322747.17
0.60,2,0.05,75,200,13505878.00,7950977.88
1.00,2,0.10,75,200,13505878.00,10351068.54
0.80,2,0.10,75,200,13482886.00,10087118.01
0.60,2,0.10,75,200,13413962.00,8657154.53
1.00,6,0.01,75,200,13368521.00,12298556.05
0.80,6,0.01,75,200,13436219.00,11516328.39
0.60,6,0.01,75,200,13322279.00,11206302.52
1.00,6,0.05,75,200,13425442.00,11825031.54
0.80,6,0.05,75,200,13501943.00,11495881.74
0.60,6,0.05,75,200,13456644.00,9878097.03
1.00,6,0.10,75,200,13518963.00,10154861.68
0.80,6,0.10,75,200,13485108.00,10130289.36
0.60,6,0.10,75,200,13472081.00,7556217.19
1.00,10,0.01,75,200,13401020.00,12732596.22
0.80,10,0.01,75,200,13429507.00,12056925.44
0.60,10,0.01,75,200,13464598.00,9510892.95
1.00,10,0.05,75,200,13389014.00,12130811.69
0.80,10,0.05,75,200,13482886.00,11560656.29
0.60,10,0.05,75,200,13474183.00,11094862.38
1.00,10,0.10,75,200,13348267.00,11223719.63
0.80,10,0.10,75,200,13434023.00,10778167.27
0.60,10,0.10,75,200,13458777.00,8795297.16
1.00,0,0.01,100,200,13232388.00,12383123.87
0.80,0,0.01,100,200,13359467.00,9040330.43
0.60,0,0.01,100,200,13151200.00,8819675.47
1.00,0,0.05,100,200,13048400.00,8386889.12
0.80,0,0.05,100,200,13077996.00,7532277.51
0.60,0,0.05,100,200,13122965.00,8422085.36
1.00,0,0.10,100,200,13133899.00,7682193.84
0.80,0,0.10,100,200,13197205.00,8897707.87
0.60,0,0.10,100,200,13199074.00,7357144.88
1.00,2,0.01,100,200,13461886.00,12557667.94
0.80,2,0.01,100,200,13443084.00,11271736.93
0.60,2,0.01,100,200,13491239.00,11303165.16
1.00,2,0.05,100,200,13549094.00,11699809.93
0.80,2,0.05,100,200,13458215.00,9206153.02
0.60,2,0.05,100,200,13385503.00,7405930.37
1.00,2,0.10,100,200,13462565.00,8003488.56
0.80,2,0.10,100,200,13443229.00,8224802.39
0.60,2,0.10,100,200,13469034.00,7558033.64
1.00,2,0.01,100,200,13489043.00,12807810.97
0.80,2,0.01,100,200,13477838.00,12271093.04
0.60,2,0.01,100,200,13518963.00,9411539.93
1.00,2,0.05,100,200,13462565.00,11566196.43
0.80,2,0.05,100,200,13433625.00,9804567.57
0.60,2,0.05,100,200,13497192.00,7805113.08
1.00,2,0.10,100,200,13496616.00,9145758.99
0.80,2,0.10,100,200,13497192.00,7164649.72
0.60,2,0.10,100,200,13491239.00,8120550.78
1.00,6,0.01,100,200,13470953.00,12231985.52
0.80,6,0.01,100,200,13333722.00,11953392.29
0.60,6,0.01,100,200,13410336.00,11901158.35
1.00,6,0.05,100,200,13515028.00,11413147.57
0.80,6,0.05,100,200,13471217.00,11277101.43
0.60,6,0.05,100,200,13458871.00,9358359.86
1.00,6,0.10,100,200,13509264.00,10363472.61
0.80,6,0.10,100,200,13491239.00,9904328.40
0.60,6,0.10,100,200,13458645.00,8226318.02
1.00,10,0.01,100,200,13371012.00,12402107.32
0.80,10,0.01,100,200,13353354.00,11614857.04
0.60,10,0.01,100,200,13446143.00,11516417.42
1.00,10,0.05,100,200,13415655.00,11792418.60
0.80,10,0.05,100,200,13368048.00,11276967.16
0.60,10,0.05,100,200,13362494.00,10946092.73
1.00,10,0.10,100,200,13389984.00,11620071.89
0.80,10,0.10,100,200,13497192.00,11605749.91
0.60,10,0.10,100,200,13491239.00,7745065.97
1.00,0,0.01,200,200,13443229.00,11722615.71
0.80,0,0.01,200,200,13208644.00,9126337.59
0.60,0,0.01,200,200,13186887.00,8375693.84
1.00,0,0.05,200,200,13252582.00,8038678.41
0.80,0,0.05,200,200,13210326.00,8131888.71
0.60,0,0.05,200,200,13125895.00,7534345.29
1.00,0,0.10,200,200,12969122.00,7059758.92
0.80,0,0.10,200,200,13109665.00,7567597.84
0.60,0,0.10,200,200,13047746.00,7366224.36
1.00,2,0.01,200,200,13515028.00,12415575.44
0.80,2,0.01,200,200,13524340.00,12913825.64
0.60,2,0.01,200,200,13497192.00,8392180.68
1.00,2,0.05,200,200,13471517.00,10875735.06
0.80,2,0.05,200,200,13524340.00,8031224.16
0.60,2,0.05,200,200,13458871.00,7923682.55
1.00,2,0.10,200,200,13524340.00,7834382.04
0.80,2,0.10,200,200,13410856.00,8082818.67
0.60,2,0.10,200,200,13412823.00,7367479.16
1.00,2,0.01,200,200,13505878.00,12031943.31
0.80,2,0.01,200,200,13505878.00,12312859.53
0.60,2,0.01,200,200,13423931.00,12010287.11
1.00,2,0.05,200,200,13549094.00,11582186.71
0.80,2,0.05,200,200,13517399.00,10004293.14
0.60,2,0.05,200,200,13497192.00,7867450.21
1.00,2,0.10,200,200,13549094.00,11912938.13
0.80,2,0.10,200,200,13521334.00,7731807.30
0.60,2,0.10,200,200,13487304.00,7188716.75
1.00,6,0.01,200,200,13477838.00,12113049.06
0.80,6,0.01,200,200,13402004.00,11715606.38
0.60,6,0.01,200,200,13410688.00,11778054.96
1.00,6,0.05,200,200,13419993.00,11417700.34
0.80,6,0.05,200,200,13458777.00,11245848.55
0.60,6,0.05,200,200,13518963.00,8722507.48
1.00,6,0.10,200,200,13549094.00,11513230.67
0.80,6,0.10,200,200,13505878.00,9343603.62
0.60,6,0.10,200,200,13468533.00,8160819.46
1.00,10,0.01,200,200,13524340.00,12320130.53
0.80,10,0.01,200,200,13458215.00,12077039.86
0.60,10,0.01,200,200,13389677.00,11555003.38
1.00,10,0.05,200,200,13456720.00,12091292.98
0.80,10,0.05,200,200,13455943.00,11350274.97
0.60,10,0.05,200,200,13518963.00,10079099.67
1.00,10,0.10,200,200,13362913.00,11368248.63
0.80,10,0.10,200,200,13433089.00,10928529.78
0.60,10,0.10,200,200,13465867.00,8353309.20
